"Player","Player_id","Tm","Age","Pos","G","GS","QBrec","Cmp","Att","Cmp.","Yds","TD","TD.","Int","Int.","Lng","Y.A","AY.A","Y.C","Y.G","Rate","QBR","Sk","Yds.1","NY.A","ANY.A","Sk.","year","Yds_prev","TD_prev","Int_prev","Int._prev","QBR_prev","Cmp_prev","Att_prev","Cmp._prev","TD._prev","Y.A_prev","AY.A_prev","Y.C_prev","Y.G_prev","Rate_prev","Sk_prev","NY.A_prev","ANY.A_prev","QBrec_prev"
"Aaron Rodgers","RodgAa00","GNB",27,"QB",15,15,"10-5-0",312,475,65.7,3922,28,5.9,11,2.3,86,8.3,8.4,12.6,261.5,101.2,69.2,31,193,7.37,7.5,6.1,2010,4434,30,7,1.3,70.7,350,541,64.7,5.5,8.2,8.7,12.7,277.1,103.2,50,6.98,7.47,"11-5-0"
"Aaron Rodgers","RodgAa00","GNB",28,"QB",15,15,"14-1-0",343,502,68.3,4643,45,9,6,1.2,93,9.2,10.5,13.5,309.5,122.5,84.5,36,219,8.22,9.39,6.7,2011,3922,28,11,2.3,69.2,312,475,65.7,5.9,8.3,8.4,12.6,261.5,101.2,31,7.37,7.5,"10-5-0"
"Aaron Rodgers","RodgAa00","GNB",29,"QB",16,16,"11-5-0",371,552,67.2,4295,39,7.1,8,1.4,73,7.8,8.5,11.6,268.4,108,71.2,51,293,6.64,7.33,8.5,2012,4643,45,6,1.2,84.5,343,502,68.3,9,9.2,10.5,13.5,309.5,122.5,36,8.22,9.39,"14-1-0"
"Aaron Rodgers","RodgAa00","GNB",30,"QB",9,9,"6-3-0",193,290,66.6,2536,17,5.9,6,2.1,83,8.7,9,13.1,281.8,104.9,60.6,21,117,7.78,8,6.8,2013,4295,39,8,1.4,71.2,371,552,67.2,7.1,7.8,8.5,11.6,268.4,108,51,6.64,7.33,"11-5-0"
"Aaron Rodgers","RodgAa00","GNB",31,"QB",16,16,"12-4-0",341,520,65.6,4381,38,7.3,5,1,80,8.4,9.5,12.8,273.8,112.2,78.3,28,174,7.68,8.65,5.1,2014,2536,17,6,2.1,60.6,193,290,66.6,5.9,8.7,9,13.1,281.8,104.9,21,7.78,8,"6-3-0"
"Aaron Rodgers","RodgAa00","GNB",32,"QB",16,16,"10-6-0",347,572,60.7,3821,31,5.4,8,1.4,65,6.7,7.1,11,238.8,92.7,60.3,46,314,5.67,6.1,7.4,2015,4381,38,5,1,78.3,341,520,65.6,7.3,8.4,9.5,12.8,273.8,112.2,28,7.68,8.65,"12-4-0"
"Aaron Rodgers","RodgAa00","GNB",33,"QB",16,16,"10-6-0",401,610,65.7,4428,40,6.6,7,1.1,60,7.3,8.1,11,276.8,104.2,73.8,35,246,6.48,7.24,5.4,2016,3821,31,8,1.4,60.3,347,572,60.7,5.4,6.7,7.1,11,238.8,92.7,46,5.67,6.1,"10-6-0"
"Aaron Rodgers","RodgAa00","GNB",34,"qb",7,7,"4-3-0",154,238,64.7,1675,16,6.7,6,2.5,72,7,7.2,10.9,239.3,97.2,64.4,22,168,5.8,5.99,8.5,2017,4428,40,7,1.1,73.8,401,610,65.7,6.6,7.3,8.1,11,276.8,104.2,35,6.48,7.24,"10-6-0"
"Aaron Rodgers","RodgAa00","GNB",35,"QB",16,16,"06/09/2001",372,597,62.3,4442,25,4.2,2,0.3,75,7.4,8.1,11.9,277.6,97.6,56.8,49,353,6.33,6.96,7.6,2018,1675,16,6,2.5,64.4,154,238,64.7,6.7,7,7.2,10.9,239.3,97.2,22,5.8,5.99,"4-3-0"
"Alex Smith","SmitAl03","SFO",26,"QB",11,10,"3-7-0",204,342,59.6,2370,14,4.1,10,2.9,62,6.9,6.4,11.6,215.5,82.1,44.4,25,140,6.08,5.61,6.8,2010,2350,18,12,3.2,44.4,225,372,60.5,4.8,6.3,5.8,10.4,213.6,81.5,22,5.62,5.17,"5-5-0"
"Alex Smith","SmitAl03","SFO",27,"QB",16,16,"13-3-0",273,445,61.3,3144,17,3.8,5,1.1,56,7.1,7.3,11.5,196.5,90.7,53,44,263,5.89,6.13,9,2011,2370,14,10,2.9,44.4,204,342,59.6,4.1,6.9,6.4,11.6,215.5,82.1,25,6.08,5.61,"3-7-0"
"Alex Smith","SmitAl03","SFO",28,"QB",10,9,"6-2-1",153,218,70.2,1737,13,6,5,2.3,55,8,8.1,11.4,173.7,104.1,65.1,24,137,6.61,6.76,9.9,2012,3144,17,5,1.1,53,273,445,61.3,3.8,7.1,7.3,11.5,196.5,90.7,44,5.89,6.13,"13-3-0"
"Alex Smith","SmitAl03","KAN",29,"QB",15,15,"11-4-0",308,508,60.6,3313,23,4.5,7,1.4,71,6.5,6.8,10.8,220.9,89.1,47.1,39,210,5.67,5.94,7.1,2013,1737,13,5,2.3,65.1,153,218,70.2,6,8,8.1,11.4,173.7,104.1,24,6.61,6.76,"6-2-1"
"Alex Smith","SmitAl03","KAN",30,"QB",15,15,"8-7-0",303,464,65.3,3265,18,3.9,6,1.3,70,7,7.2,10.8,217.7,93.4,51.7,45,229,5.96,6.14,8.8,2014,3313,23,7,1.4,47.1,308,508,60.6,4.5,6.5,6.8,10.8,220.9,89.1,39,5.67,5.94,"11-4-0"
"Alex Smith","SmitAl03","KAN",31,"QB",16,16,"11-5-0",307,470,65.3,3486,20,4.3,7,1.5,80,7.4,7.6,11.4,217.9,95.4,58.4,45,235,6.31,6.48,8.7,2015,3265,18,6,1.3,51.7,303,464,65.3,3.9,7,7.2,10.8,217.7,93.4,45,5.96,6.14,"8-7-0"
"Alex Smith","SmitAl03","KAN",32,"QB",15,15,"11-4-0",328,489,67.1,3502,15,3.1,8,1.6,80,7.2,7,10.7,233.5,91.2,58,28,140,6.5,6.39,5.4,2016,3486,20,7,1.5,58.4,307,470,65.3,4.3,7.4,7.6,11.4,217.9,95.4,45,6.31,6.48,"11-5-0"
"Alex Smith","SmitAl03","KAN",33,"QB",15,15,"9-6-0",341,505,67.5,4042,26,5.1,5,1,79,8,8.6,11.9,269.5,104.7,67,35,207,7.1,7.65,6.5,2017,3502,15,8,1.6,58,328,489,67.1,3.1,7.2,7,10.7,233.5,91.2,28,6.5,6.39,"11-4-0"
"Alex Smith","SmitAl03","WAS",34,"QB",10,10,"06/04/2000",205,328,62.5,2180,10,3,5,1.5,52,6.6,6.6,10.6,218,85.7,53.8,22,121,5.88,5.81,6.3,2018,4042,26,5,1,67,341,505,67.5,5.1,8,8.6,11.9,269.5,104.7,35,7.1,7.65,"9-6-0"
"Andrew Luck","LuckAn00","IND",24,"QB",16,16,"11-5-0",343,570,60.2,3822,23,4,9,1.6,73,6.7,6.8,11.1,238.9,87,63.7,32,227,5.97,6.06,5.3,2013,4374,23,18,2.9,65.6,339,627,54.1,3.7,7,6.4,12.9,273.4,76.5,41,6.18,5.66,"11-5-0"
"Andrew Luck","LuckAn00","IND",25,"QB",16,16,"11-5-0",380,616,61.7,4761,40,6.5,16,2.6,80,7.7,7.9,12.5,297.6,96.5,62.6,27,161,7.15,7.28,4.2,2014,3822,23,9,1.6,63.7,343,570,60.2,4,6.7,6.8,11.1,238.9,87,32,5.97,6.06,"11-5-0"
"Andrew Luck","LuckAn00","IND",26,"qb",7,7,"2-5-0",162,293,55.3,1881,15,5.1,12,4.1,87,6.4,5.6,11.6,268.7,74.9,49.4,15,88,5.82,5.04,4.9,2015,4761,40,16,2.6,62.6,380,616,61.7,6.5,7.7,7.9,12.5,297.6,96.5,27,7.15,7.28,"11-5-0"
"Andrew Luck","LuckAn00","IND",27,"QB",15,15,"8-7-0",346,545,63.5,4240,31,5.7,13,2.4,64,7.8,7.8,12.3,282.7,96.4,65.9,41,268,6.78,6.84,7,2016,1881,15,12,4.1,49.4,162,293,55.3,5.1,6.4,5.6,11.6,268.7,74.9,15,5.82,5.04,"2-5-0"
"Andrew Luck","LuckAn00","IND",29,"QB",16,16,"10/06/2000",430,639,67.3,4593,39,6.1,15,2.3,68,7.2,7.4,10.7,287.1,98.7,71.5,18,134,6.79,6.95,2.7,2018,4240,31,13,2.4,65.9,346,545,63.5,5.7,7.8,7.8,12.3,282.7,96.4,41,6.78,6.84,"8-7-0"
"Andy Dalton","DaltAn00","CIN",25,"QB",16,16,"10-6-0",329,528,62.3,3669,27,5.1,16,3,59,6.9,6.6,11.2,229.3,87.4,47.7,46,229,5.99,5.68,8,2012,3398,20,13,2.5,46.9,300,516,58.1,3.9,6.6,6.2,11.3,212.4,80.4,24,6,5.65,"9-7-0"
"Andy Dalton","DaltAn00","CIN",26,"QB",16,16,"11-5-0",363,586,61.9,4293,33,5.6,20,3.4,82,7.3,6.9,11.8,268.3,88.8,55.1,29,182,6.68,6.29,4.7,2013,3669,27,16,3,47.7,329,528,62.3,5.1,6.9,6.6,11.2,229.3,87.4,46,5.99,5.68,"10-6-0"
"Andy Dalton","DaltAn00","CIN",27,"QB",16,16,"10-5-1",309,481,64.2,3398,19,4,17,3.5,81,7.1,6.3,11,212.4,83.5,48.5,21,124,6.52,5.75,4.2,2014,4293,33,20,3.4,55.1,363,586,61.9,5.6,7.3,6.9,11.8,268.3,88.8,29,6.68,6.29,"11-5-0"
"Andy Dalton","DaltAn00","CIN",28,"QB",13,13,"10-3-0",255,386,66.1,3250,25,6.5,7,1.8,80,8.4,8.9,12.7,250,106.2,70,20,118,7.71,8.17,4.9,2015,3398,19,17,3.5,48.5,309,481,64.2,4,7.1,6.3,11,212.4,83.5,21,6.52,5.75,"10-5-1"
"Andy Dalton","DaltAn00","CIN",29,"QB",16,16,"6-9-1",364,563,64.7,4206,18,3.2,8,1.4,86,7.5,7.5,11.6,262.9,91.8,50.8,41,264,6.53,6.53,6.8,2016,3250,25,7,1.8,70,255,386,66.1,6.5,8.4,8.9,12.7,250,106.2,20,7.71,8.17,"10-3-0"
"Andy Dalton","DaltAn00","CIN",30,"QB",16,16,"7-9-0",297,496,59.9,3320,25,5,12,2.4,77,6.7,6.6,11.2,207.5,86.6,45.7,39,255,5.73,5.65,7.3,2017,4206,18,8,1.4,50.8,364,563,64.7,3.2,7.5,7.5,11.6,262.9,91.8,41,6.53,6.53,"6-9-1"
"Austin Davis","DaviAu00","CLE",26,"qb",3,2,"0-2-0",56,94,59.6,547,1,1.1,3,3.2,42,5.8,4.6,9.8,182.3,66.2,32.1,11,96,4.3,3.2,10.5,2015,2001,12,9,3.2,44.2,180,284,63.4,4.2,7,6.5,11.1,200.1,85.1,29,5.82,5.29,"3-5-0"
"Ben Roethlisberger","RoetBe00","PIT",28,"QB",12,12,"9-3-0",240,389,61.7,3200,17,4.4,5,1.3,56,8.2,8.5,13.3,266.7,97,68.2,32,220,7.08,7.35,7.6,2010,4328,26,12,2.4,69,337,506,66.6,5.1,8.6,8.5,12.8,288.5,100.5,50,7.16,7.12,"9-6-0"
"Ben Roethlisberger","RoetBe00","PIT",29,"QB",15,15,"11-4-0",324,513,63.2,4077,21,4.1,14,2.7,95,7.9,7.5,12.6,271.8,90.1,65,40,269,6.89,6.51,7.2,2011,3200,17,5,1.3,68.2,240,389,61.7,4.4,8.2,8.5,13.3,266.7,97,32,7.08,7.35,"9-3-0"
"Ben Roethlisberger","RoetBe00","PIT",30,"QB",13,13,"7-6-0",284,449,63.3,3265,26,5.8,8,1.8,82,7.3,7.6,11.5,251.2,97,71.3,30,182,6.44,6.77,6.3,2012,4077,21,14,2.7,65,324,513,63.2,4.1,7.9,7.5,12.6,271.8,90.1,40,6.89,6.51,"11-4-0"
"Ben Roethlisberger","RoetBe00","PIT",31,"QB",16,16,"8-8-0",375,584,64.2,4261,28,4.8,14,2.4,67,7.3,7.2,11.4,266.3,92,58.1,42,282,6.36,6.24,6.7,2013,3265,26,8,1.8,71.3,284,449,63.3,5.8,7.3,7.6,11.5,251.2,97,30,6.44,6.77,"7-6-0"
"Ben Roethlisberger","RoetBe00","PIT",32,"QB",16,16,"11-5-0",408,608,67.1,4952,32,5.3,9,1.5,94,8.1,8.5,12.1,309.5,103.3,68.7,33,172,7.46,7.82,5.1,2014,4261,28,14,2.4,58.1,375,584,64.2,4.8,7.3,7.2,11.4,266.3,92,42,6.36,6.24,"8-8-0"
"Ben Roethlisberger","RoetBe00","PIT",33,"QB",12,11,"7-4-0",319,469,68,3938,21,4.5,16,3.4,69,8.4,7.8,12.3,328.2,94.5,71.1,20,141,7.76,7.15,4.1,2015,4952,32,9,1.5,68.7,408,608,67.1,5.3,8.1,8.5,12.1,309.5,103.3,33,7.46,7.82,"11-5-0"
"Ben Roethlisberger","RoetBe00","PIT",34,"QB",14,14,"10-4-0",328,509,64.4,3819,29,5.7,13,2.6,72,7.5,7.5,11.6,272.8,95.4,61.8,17,141,6.99,6.98,3.2,2016,3938,21,16,3.4,71.1,319,469,68,4.5,8.4,7.8,12.3,328.2,94.5,20,7.76,7.15,"7-4-0"
"Ben Roethlisberger","RoetBe00","PIT",35,"QB",15,15,"12-3-0",360,561,64.2,4251,28,5,14,2.5,97,7.6,7.5,11.8,283.4,93.4,66.3,21,139,7.07,6.95,3.6,2017,3819,29,13,2.6,61.8,328,509,64.4,5.7,7.5,7.5,11.6,272.8,95.4,17,6.99,6.98,"10-4-0"
"Ben Roethlisberger","RoetBe00","PIT",36,"QB",16,16,"09/06/2001",452,675,67,5129,34,5,16,2.4,97,7.6,7.5,11.3,320.6,96.5,73,24,166,7.1,7.04,3.4,2018,4251,28,14,2.5,66.3,360,561,64.2,5,7.6,7.5,11.8,283.4,93.4,21,7.07,6.95,"12-3-0"
"Blaine Gabbert","GabbBl00","JAX",23,"QB",10,10,"1-9-0",162,278,58.3,1662,9,3.2,6,2.2,80,6,5.7,10.3,166.2,77.4,36.1,22,158,5.01,4.71,7.3,2012,2214,12,11,2.7,22.1,210,413,50.8,2.9,5.4,4.7,10.5,147.6,65.4,40,4.24,3.68,"4-10-0"
"Blaine Gabbert","GabbBl00","JAX",24,"qb",3,3,"0-3-0",42,86,48.8,481,1,1.2,7,8.1,67,5.6,2.2,11.5,160.3,36,4,12,67,4.22,1.21,12.2,2013,1662,9,6,2.2,36.1,162,278,58.3,3.2,6,5.7,10.3,166.2,77.4,22,5.01,4.71,"1-9-0"
"Blaine Gabbert","GabbBl00","SFO",26,"QB",8,8,"3-5-0",178,282,63.1,2031,10,3.5,7,2.5,71,7.2,6.8,11.4,253.9,86.2,37.8,25,164,6.08,5.71,8.1,2015,481,1,7,8.1,4,42,86,48.8,1.2,5.6,2.2,11.5,160.3,36,12,4.22,1.21,"0-3-0"
"Blaine Gabbert","GabbBl00","SFO",27,"qb",6,5,"1-4-0",91,160,56.9,925,5,3.1,6,3.8,75,5.8,4.7,10.2,154.2,68.4,53.7,11,48,5.13,4.13,6.4,2016,2031,10,7,2.5,37.8,178,282,63.1,3.5,7.2,6.8,11.4,253.9,86.2,25,6.08,5.71,"3-5-0"
"Blaine Gabbert","GabbBl00","ARI",28,"qb",5,5,"2-3-0",95,171,55.6,1086,6,3.5,6,3.5,52,6.4,5.5,11.4,217.2,71.9,30.6,23,149,4.83,4.06,11.9,2017,925,5,6,3.8,53.7,91,160,56.9,3.1,5.8,4.7,10.2,154.2,68.4,11,5.13,4.13,"1-4-0"
"Blaine Gabbert","GabbBl00","TEN",29,"qb",8,3,"02/01/2000",61,101,60.4,626,4,4,4,4,35,6.2,5.2,10.3,78.3,74.9,31.2,5,37,5.56,4.61,4.7,2018,1086,6,6,3.5,30.6,95,171,55.6,3.5,6.4,5.5,11.4,217.2,71.9,23,4.83,4.06,"2-3-0"
"Blake Bortles","BortBl00","JAX",23,"QB",16,16,"5-11-0",355,606,58.6,4428,35,5.8,18,3,90,7.3,7.1,12.5,276.8,88.2,51.8,51,320,6.25,6.09,7.8,2015,2908,11,17,3.6,26.7,280,475,58.9,2.3,6.1,5,10.4,207.7,69.5,55,4.84,3.81,"3-10-0"
"Blake Bortles","BortBl00","JAX",24,"QB",16,16,"3-13-0",368,625,58.9,3905,23,3.7,16,2.6,51,6.2,5.8,10.6,244.1,78.8,42.8,34,197,5.63,5.23,5.2,2016,4428,35,18,3,51.8,355,606,58.6,5.8,7.3,7.1,12.5,276.8,88.2,51,6.25,6.09,"5-11-0"
"Blake Bortles","BortBl00","JAX",25,"QB",16,16,"10-6-0",315,523,60.2,3687,21,4,13,2.5,75,7,6.7,11.7,230.4,84.7,59.2,24,123,6.52,6.21,4.4,2017,3905,23,16,2.6,42.8,368,625,58.9,3.7,6.2,5.8,10.6,244.1,78.8,34,5.63,5.23,"3-13-0"
"Blake Bortles","BortBl00","JAX",26,"QB",13,12,"03/09/2000",243,403,60.3,2718,13,3.2,11,2.7,80,6.7,6.2,11.2,209.1,79.8,44.1,31,173,5.86,5.32,7.1,2018,3687,21,13,2.5,59.2,315,523,60.2,4,7,6.7,11.7,230.4,84.7,24,6.52,6.21,"10-6-0"
"Brady Quinn","QuinBr00","KAN",28,"QB",10,8,"1-7-0",112,197,56.9,1141,2,1,8,4.1,57,5.8,4.2,10.2,114.1,60.1,26,21,123,4.67,3.2,9.6,2012,1339,8,7,2.7,42.7,136,256,53.1,3.1,5.2,4.6,9.8,133.9,67.2,19,4.49,3.93,"2-7-0"
"Brandon Weeden","WeedBr00","CLE",30,"qb",8,5,"0-5-0",141,267,52.8,1731,9,3.4,9,3.4,95,6.5,5.6,12.3,216.4,70.3,34.3,27,180,5.28,4.51,9.2,2013,3385,14,17,3.3,33.9,297,517,57.4,2.7,6.5,5.6,11.4,225.7,72.6,28,5.87,4.98,"5-10-0"
"Brandon Weeden","WeedBr00","DAL",31,"qb",5,1,"0-1-0",24,41,58.5,303,3,7.3,2,4.9,43,7.4,6.7,12.6,60.6,85.7,7.2,1,9,7,6.29,2.4,2014,1731,9,9,3.4,34.3,141,267,52.8,3.4,6.5,5.6,12.3,216.4,70.3,27,5.28,4.51,"0-5-0"
"Brett Favre","FavrBr00","MIN",41,"QB",13,13,"5-8-0",217,358,60.6,2509,11,3.1,19,5.3,53,7,5.2,11.6,193,69.9,35.2,22,139,6.24,4.57,5.8,2010,4202,33,7,1.3,75.6,363,531,68.4,6.2,7.9,8.6,11.6,262.6,107.2,34,7,7.61,"12-4-0"
"Brian Brohm","BrohBr00","BUF",25,"qb",1,1,"0-1-0",10,23,43.5,106,0,0,3,13,33,4.6,-1.3,10.6,106,17.9,19.2,3,5,3.88,-1.31,11.5,2010,146,0,2,6.9,18,17,29,58.6,0,5,1.9,8.6,73,43.2,2,4.45,1.55,"0-1-0"
"Brian Hoyer","HoyeBr00","CLE",28,"qb",3,3,"3-0-0",57,96,59.4,615,5,5.2,3,3.1,47,6.4,6,10.8,205,82.6,52.8,6,48,5.56,5.22,5.9,2013,330,1,2,3.8,28.7,30,53,56.6,1.9,6.2,4.9,11,165,65.8,4,5.26,4.04,"0-1-0"
"Brian Hoyer","HoyeBr00","CLE",29,"QB",14,13,"7-6-0",242,438,55.3,3326,12,2.7,13,3,81,7.6,6.8,13.7,237.6,76.5,38.4,24,160,6.85,6.11,5.2,2014,615,5,3,3.1,52.8,57,96,59.4,5.2,6.4,6,10.8,205,82.6,6,5.56,5.22,"3-0-0"
"Brian Hoyer","HoyeBr00","HOU",30,"QB",11,9,"5-4-0",224,369,60.7,2606,19,5.1,7,1.9,49,7.1,7.2,11.6,236.9,91.4,56.1,25,185,6.14,6.31,6.3,2015,3326,12,13,3,38.4,242,438,55.3,2.7,7.6,6.8,13.7,237.6,76.5,24,6.85,6.11,"7-6-0"
"Brian Hoyer","HoyeBr00","CHI",31,"qb",6,5,"1-4-0",134,200,67,1445,6,3,0,0,64,7.2,7.8,10.8,240.8,98,59.5,4,18,7,7.58,2,2016,2606,19,7,1.9,56.1,224,369,60.7,5.1,7.1,7.2,11.6,236.9,91.4,25,6.14,6.31,"5-4-0"
"Brock Osweiler","OsweBr00","HOU",26,"QB",15,14,"8-6-0",301,510,59,2957,15,2.9,16,3.1,53,5.8,5,9.8,197.1,72.2,49.5,27,206,5.12,4.34,5,2016,1967,10,6,2.2,53,170,275,61.8,3.6,7.2,6.9,11.6,245.9,86.4,23,6.09,5.86,"5-2-0"
"Brock Osweiler","OsweBr00","DEN",27,"qb",6,4,"0-4-0",96,172,55.8,1088,5,2.9,5,2.9,54,6.3,5.6,11.3,181.3,72.5,50.3,10,64,5.63,4.94,5.5,2017,2957,15,16,3.1,49.5,301,510,59,2.9,5.8,5,9.8,197.1,72.2,27,5.12,4.34,"8-6-0"
"Brock Osweiler","OsweBr00","MIA",28,"qb",7,5,"02/03/2000",113,178,63.5,1247,6,3.4,4,2.2,75,7,6.7,11,178.1,86,34.5,17,130,5.73,5.42,8.7,2018,1088,5,5,2.9,50.3,96,172,55.8,2.9,6.3,5.6,11.3,181.3,72.5,10,5.63,4.94,"0-4-0"
"Brodie Croyle","CroyBr00","KAN",27,"qb",2,1,"0-1-0",8,19,42.1,38,0,0,1,5.3,16,2,-0.4,4.8,19,27.7,4.5,4,29,0.39,-1.57,17.4,2010,230,2,0,0,73.2,23,40,57.5,5,5.8,6.8,10,76.7,90.6,3,4.93,5.86,"0-1-0"
"Bruce Gradkowski","GradBr00","OAK",27,"qb",6,4,"1-3-0",83,157,52.9,1059,5,3.2,7,4.5,70,6.7,5.4,12.8,176.5,66.3,28.6,10,77,5.88,4.59,6,2010,1007,6,3,2,60,82,150,54.7,4,6.7,6.6,12.3,143.9,80.6,11,5.81,5.72,"2-2-0"
"Bryce Petty","PettBr01","NYJ",26,"qb",4,3,"0-3-0",55,112,49.1,544,1,0.9,3,2.7,46,4.9,3.8,9.9,136,55.1,27.5,8,55,4.08,3.12,6.7,2017,809,3,7,5.3,16.1,75,133,56.4,2.3,6.1,4.2,10.8,134.8,60,13,5,3.25,"1-3-0"
"Byron Leftwich","LeftBy00","PIT",32,"qb",2,1,"0-1-0",25,53,47.2,272,0,0,1,1.9,37,5.1,4.3,10.9,136,54.9,28.8,3,24,4.43,3.63,5.4,2012,594,4,3,2.8,54.9,58,107,54.2,3.7,5.6,5,10.2,198,71.2,2,5.45,4.94,"0-3-0"
"C.J. Beathard","BeatC.00","SFO",25,"qb",6,5,"0-5-0",102,169,60.4,1252,8,4.7,7,4.1,82,7.4,6.5,12.3,208.7,81.8,39.7,18,156,5.86,5.03,9.6,2018,1430,4,6,2.7,32.6,123,224,54.9,1.8,6.4,5.5,11.6,204.3,69.2,19,5.3,4.52,"1-4-0"
"Cam Newton","NewtCa00","CAR",23,"QB",16,16,"7-9-0",280,485,57.7,3869,19,3.9,12,2.5,82,8,7.6,13.8,241.8,86.2,58.3,36,244,6.96,6.65,6.9,2012,4051,21,17,3.3,58.1,310,517,60,4.1,7.8,7.2,13.1,253.2,84.5,35,6.87,6.24,"6-10-0"
"Cam Newton","NewtCa00","CAR",24,"QB",16,16,"12-4-0",292,473,61.7,3379,24,5.1,13,2.7,79,7.1,6.9,11.6,211.2,88.8,64.3,43,336,5.9,5.69,8.3,2013,3869,19,12,2.5,58.3,280,485,57.7,3.9,8,7.6,13.8,241.8,86.2,36,6.96,6.65,"7-9-0"
"Cam Newton","NewtCa00","CAR",25,"QB",14,14,"5-8-1",262,448,58.5,3127,18,4,12,2.7,51,7,6.6,11.9,223.4,82.1,57.3,38,300,5.82,5.45,7.8,2014,3379,24,13,2.7,64.3,292,473,61.7,5.1,7.1,6.9,11.6,211.2,88.8,43,5.9,5.69,"12-4-0"
"Cam Newton","NewtCa00","CAR",26,"QB",16,16,"15-1-0",296,495,59.8,3837,35,7.1,10,2,74,7.8,8.3,13,239.8,99.4,67,33,284,6.73,7.2,6.3,2015,3127,18,12,2.7,57.3,262,448,58.5,4,7,6.6,11.9,223.4,82.1,38,5.82,5.45,"5-8-1"
"Cam Newton","NewtCa00","CAR",27,"QB",15,14,"6-8-0",270,510,52.9,3509,19,3.7,14,2.7,88,6.9,6.4,13,233.9,75.8,48,36,277,5.92,5.46,6.6,2016,3837,35,10,2,67,296,495,59.8,7.1,7.8,8.3,13,239.8,99.4,33,6.73,7.2,"15-1-0"
"Cam Newton","NewtCa00","CAR",28,"QB",16,16,"11-5-0",291,492,59.1,3302,22,4.5,16,3.3,64,6.7,6.1,11.3,206.4,80.7,53.3,35,242,5.81,5.28,6.6,2017,3509,19,14,2.7,48,270,510,52.9,3.7,6.9,6.4,13,233.9,75.8,36,5.92,5.46,"6-8-0"
"Cam Newton","NewtCa00","CAR",29,"QB",14,14,"06/08/2000",320,471,67.9,3395,24,5.1,13,2.8,82,7.2,7,10.6,242.5,94.2,57.4,29,213,6.36,6.15,5.8,2018,3302,22,16,3.3,53.3,291,492,59.1,4.5,6.7,6.1,11.3,206.4,80.7,35,5.81,5.28,"11-5-0"
"Carson Palmer","PalmCa00","CIN",31,"QB",16,16,"4-12-0",362,586,61.8,3970,26,4.4,20,3.4,78,6.8,6.1,11,248.1,82.4,54.6,26,201,6.16,5.54,4.2,2010,3094,21,13,2.8,59.5,282,466,60.5,4.5,6.6,6.3,11,193.4,83.6,26,5.86,5.52,"10-6-0"
"Carson Palmer","PalmCa00","OAK",32,"QB",10,9,"4-5-0",199,328,60.7,2753,13,4,16,4.9,78,8.4,7,13.8,275.3,80.5,55.7,17,119,7.63,6.3,4.9,2011,3970,26,20,3.4,54.6,362,586,61.8,4.4,6.8,6.1,11,248.1,82.4,26,6.16,5.54,"4-12-0"
"Carson Palmer","PalmCa00","OAK",33,"QB",15,15,"4-11-0",345,565,61.1,4018,22,3.9,14,2.5,64,7.1,6.8,11.6,267.9,85.3,46.6,26,199,6.46,6.14,4.4,2012,2753,13,16,4.9,55.7,199,328,60.7,4,8.4,7,13.8,275.3,80.5,17,7.63,6.3,"4-5-0"
"Carson Palmer","PalmCa00","ARI",34,"QB",16,16,"10-6-0",362,572,63.3,4274,24,4.2,22,3.8,91,7.5,6.6,11.8,267.1,83.9,52.6,41,289,6.5,5.67,6.7,2013,4018,22,14,2.5,46.6,345,565,61.1,3.9,7.1,6.8,11.6,267.9,85.3,26,6.46,6.14,"4-11-0"
"Carson Palmer","PalmCa00","ARI",35,"qb",6,6,"6-0-0",141,224,62.9,1626,11,4.9,3,1.3,80,7.3,7.6,11.5,271,95.6,63.7,9,59,6.73,7.09,3.9,2014,4274,24,22,3.8,52.6,362,572,63.3,4.2,7.5,6.6,11.8,267.1,83.9,41,6.5,5.67,"10-6-0"
"Carson Palmer","PalmCa00","ARI",36,"QB",16,16,"13-3-0",342,537,63.7,4671,35,6.5,11,2,68,8.7,9.1,13.7,291.9,104.6,77.1,25,151,8.04,8.41,4.4,2015,1626,11,3,1.3,63.7,141,224,62.9,4.9,7.3,7.6,11.5,271,95.6,9,6.73,7.09,"6-0-0"
"Carson Palmer","PalmCa00","ARI",37,"QB",15,15,"6-8-1",364,597,61,4233,26,4.4,14,2.3,80,7.1,6.9,11.6,282.2,87.2,54.5,40,281,6.2,6.03,6.3,2016,4671,35,11,2,77.1,342,537,63.7,6.5,8.7,9.1,13.7,291.9,104.6,25,8.04,8.41,"13-3-0"
"Carson Palmer","PalmCa00","ARI",38,"qb",7,7,"3-4-0",164,267,61.4,1978,9,3.4,7,2.6,46,7.4,6.9,12.1,282.6,84.4,52.5,22,150,6.33,5.86,7.6,2017,4233,26,14,2.3,54.5,364,597,61,4.4,7.1,6.9,11.6,282.2,87.2,40,6.2,6.03,"6-8-1"
"Carson Wentz","WentCa00","PHI",25,"QB",13,13,"11-2-0",265,440,60.2,3296,33,7.5,7,1.6,72,7.5,8.3,12.4,253.5,101.9,77.2,28,162,6.7,7.43,6,2017,3782,16,14,2.3,49.4,379,607,62.4,2.6,6.2,5.7,10,236.4,79.3,33,5.58,5.09,"7-9-0"
"Carson Wentz","WentCa00","PHI",26,"QB",11,11,"05/06/2000",279,401,69.6,3074,21,5.2,7,1.7,58,7.7,7.9,11,279.5,102.2,64.9,31,202,6.65,6.89,7.2,2018,3296,33,7,1.6,77.2,265,440,60.2,7.5,7.5,8.3,12.4,253.5,101.9,28,6.7,7.43,"11-2-0"
"Case Keenum","KeenCa00","STL",27,"qb",6,5,"3-2-0",76,125,60.8,828,4,3.2,1,0.8,60,6.6,6.9,10.9,138,87.7,39.4,4,28,6.2,6.47,3.1,2015,1760,9,6,2.4,48.3,137,253,54.2,3.6,7,6.6,12.8,220,78.2,19,5.73,5.4,"0-8-0"
"Case Keenum","KeenCa00","LAR",28,"QB",10,9,"4-5-0",196,322,60.9,2201,9,2.8,11,3.4,65,6.8,5.9,11.2,220.1,76.4,37.1,23,140,5.97,5.06,6.7,2016,828,4,1,0.8,39.4,76,125,60.8,3.2,6.6,6.9,10.9,138,87.7,4,6.2,6.47,"3-2-0"
"Case Keenum","KeenCa00","MIN",29,"QB",15,14,"11-3-0",325,481,67.6,3547,22,4.6,7,1.5,65,7.4,7.6,10.9,236.5,98.3,74.3,22,136,6.78,7.03,4.4,2017,2201,9,11,3.4,37.1,196,322,60.9,2.8,6.8,5.9,11.2,220.1,76.4,23,5.97,5.06,"4-5-0"
"Case Keenum","KeenCa00","DEN",30,"QB",16,16,"06/10/2000",365,586,62.3,3890,18,3.1,15,2.6,64,6.6,6.1,10.7,243.1,81.2,47.9,34,235,5.9,5.39,5.5,2018,3547,22,7,1.5,74.3,325,481,67.6,4.6,7.4,7.6,10.9,236.5,98.3,22,6.78,7.03,"11-3-0"
"Chad Henne","HennCh01","MIA",25,"QB",15,14,"6-8-0",301,490,61.4,3301,15,3.1,19,3.9,57,6.7,5.6,11,220.1,75.4,46.9,30,178,6.01,4.94,5.8,2010,2878,12,14,3.1,52.8,274,451,60.8,2.7,6.4,5.5,10.5,205.6,75.2,26,5.66,4.85,"7-6-0"
"Chad Henne","HennCh01","MIA",26,"qb",4,4,"0-4-0",64,112,57.1,868,4,3.6,4,3.6,41,7.8,6.9,13.6,217,79,62.8,11,67,6.51,5.7,8.9,2011,3301,15,19,3.9,46.9,301,490,61.4,3.1,6.7,5.6,11,220.1,75.4,30,6.01,4.94,"6-8-0"
"Chad Henne","HennCh01","JAX",27,"qb",10,6,"1-5-0",166,308,53.9,2084,11,3.6,11,3.6,81,6.8,5.9,12.6,208.4,72.2,27.7,28,169,5.7,4.88,8.3,2012,868,4,4,3.6,62.8,64,112,57.1,3.6,7.8,6.9,13.6,217,79,11,6.51,5.7,"0-4-0"
"Chad Henne","HennCh01","JAX",28,"QB",15,13,"4-9-0",305,503,60.6,3241,13,2.6,14,2.8,62,6.4,5.7,10.6,216.1,76.5,35,38,243,5.54,4.86,7,2013,2084,11,11,3.6,27.7,166,308,53.9,3.6,6.8,5.9,12.6,208.4,72.2,28,5.7,4.88,"1-5-0"
"Chad Henne","HennCh01","JAX",29,"qb",3,3,"0-3-0",42,78,53.8,492,3,3.8,1,1.3,63,6.3,6.5,11.7,164,80.7,26.2,16,105,4.12,4.28,17,2014,3241,13,14,2.8,35,305,503,60.6,2.6,6.4,5.7,10.6,216.1,76.5,38,5.54,4.86,"4-9-0"
"Chad Pennington","PennCh01","MIA",34,"qb",1,1,"1-0-0",1,2,50,19,0,0,0,0,19,9.5,9.5,19,19,83.3,95.4,0,0,9.5,9.5,0,2010,413,1,2,2.7,48.2,51,74,68.9,1.4,5.6,4.6,8.1,137.7,76,6,4.76,3.89,"0-3-0"
"Charlie Batch","BatcCh00","PIT",37,"qb",4,1,"1-0-0",15,24,62.5,208,0,0,1,4.2,46,8.7,6.8,13.9,52,72.9,22.5,2,10,7.62,5.88,7.7,2011,352,3,3,6.1,51.8,29,49,59.2,6.1,7.2,5.7,12.1,117.3,76.2,4,6.25,4.83,"1-1-0"
"Charlie Batch","BatcCh00","PIT",38,"qb",2,2,"1-1-0",45,70,64.3,475,1,1.4,4,5.7,43,6.8,4.5,10.6,237.5,64.9,35.9,3,12,6.34,4.15,4.1,2012,208,0,1,4.2,22.5,15,24,62.5,0,8.7,6.8,13.9,52,72.9,2,7.62,5.88,"1-0-0"
"Charlie Whitehurst","WhitCh02","SEA",29,"qb",3,2,"0-2-0",27,56,48.2,298,1,1.8,1,1.8,38,5.3,4.9,11,99.3,62.9,18.6,8,46,3.94,3.55,12.5,2011,507,2,3,3,18.9,57,99,57.6,2,5.1,4.2,8.9,84.5,65.5,5,4.75,3.84,"1-1-0"
"Charlie Whitehurst","WhitCh02","TEN",32,"qb",7,5,"1-4-0",105,185,56.8,1326,7,3.8,2,1.1,75,7.2,7.4,12.6,189.4,87.4,41.7,18,103,6.02,6.27,8.9,2014,298,1,1,1.8,18.6,27,56,48.2,1.8,5.3,4.9,11,99.3,62.9,8,3.94,3.55,"0-2-0"
"Chase Daniel","DaniCh00","KAN",28,"qb",3,1,"1-0-0",16,28,57.1,157,0,0,0,0,30,5.6,5.6,9.8,52.3,73.1,30,4,17,4.38,4.38,12.5,2014,248,1,1,2.6,73,25,38,65.8,2.6,6.5,5.9,9.9,49.6,81.9,2,5.93,5.3,"0-1-0"
"Chase Daniel","DaniCh00","CHI",32,"qb",5,2,"01/01/2000",53,76,69.7,515,3,3.9,2,2.6,46,6.8,6.4,9.7,103,90.6,28.9,9,40,5.59,5.24,10.6,2018,157,0,0,0,30,16,28,57.1,0,5.6,5.6,9.8,52.3,73.1,4,4.38,4.38,"1-0-0"
"Christian Ponder","PondCh00","MIN",24,"QB",16,16,"10-6-0",300,483,62.1,2935,18,3.7,12,2.5,65,6.1,5.7,9.8,183.4,81.2,52.1,32,184,5.34,4.99,6.2,2012,1853,13,13,4.5,33.4,158,291,54.3,4.5,6.4,5.3,11.7,168.5,70.1,30,5.26,4.25,"2-8-0"
"Christian Ponder","PondCh00","MIN",25,"QB",9,9,"2-6-1",152,239,63.6,1648,7,2.9,9,3.8,47,6.9,5.8,10.8,183.1,77.9,42.8,27,119,5.75,4.75,10.2,2013,2935,18,12,2.5,52.1,300,483,62.1,3.7,6.1,5.7,9.8,183.4,81.2,32,5.34,4.99,"10-6-0"
"Christian Ponder","PondCh00","MIN",26,"qb",2,1,"0-1-0",22,44,50,222,0,0,2,4.5,18,5,3,10.1,111,45.8,7,6,34,3.76,1.96,12,2014,1648,7,9,3.8,42.8,152,239,63.6,2.9,6.9,5.8,10.8,183.1,77.9,27,5.75,4.75,"2-6-1"
"Cody Kessler","KessCo00","JAX",25,"qb",5,4,"02/02/2000",85,131,64.9,709,2,1.5,2,1.5,35,5.4,5,8.3,141.8,77.4,28.3,22,149,3.66,3.33,14.4,2018,1380,6,2,1,42.1,128,195,65.6,3.1,7.1,7.2,10.8,153.3,92.3,21,5.74,5.88,"0-8-0"
"Colin Kaepernick","KaepCo00","SFO",26,"QB",16,16,"12-4-0",243,416,58.4,3197,21,5,8,1.9,64,7.7,7.8,13.2,199.8,91.6,65.7,39,231,6.52,6.65,8.6,2013,1814,10,3,1.4,71.8,136,218,62.4,4.6,8.3,8.6,13.3,139.5,98.3,16,7.27,7.55,"5-2-0"
"Colin Kaepernick","KaepCo00","SFO",27,"QB",16,16,"8-8-0",289,478,60.5,3369,19,4,10,2.1,80,7,6.9,11.7,210.6,86.4,60.9,52,344,5.71,5.58,9.8,2014,3197,21,8,1.9,65.7,243,416,58.4,5,7.7,7.8,13.2,199.8,91.6,39,6.52,6.65,"12-4-0"
"Colin Kaepernick","KaepCo00","SFO",28,"QB",9,8,"2-6-0",144,244,59,1615,6,2.5,5,2,76,6.6,6.2,11.2,179.4,78.5,43.4,28,166,5.33,4.94,10.3,2015,3369,19,10,2.1,60.9,289,478,60.5,4,7,6.9,11.7,210.6,86.4,52,5.71,5.58,"8-8-0"
"Colin Kaepernick","KaepCo00","SFO",29,"QB",12,11,"1-10-0",196,331,59.2,2241,16,4.8,4,1.2,65,6.8,7.2,11.4,186.8,90.7,49.5,36,207,5.54,5.92,9.8,2016,1615,6,5,2,43.4,144,244,59,2.5,6.6,6.2,11.2,179.4,78.5,28,5.33,4.94,"2-6-0"
"Colt McCoy","McCoCo00","CLE",25,"QB",13,13,"4-9-0",265,463,57.2,2733,14,3,11,2.4,56,5.9,5.4,10.3,210.2,74.6,44.4,32,173,5.17,4.74,6.5,2011,1576,6,9,4.1,53,135,222,60.8,2.7,7.1,5.8,11.7,197,74.5,23,5.89,4.73,"2-6-0"
"Colt McCoy","McCoCo00","WAS",28,"qb",5,4,"1-3-0",91,128,71.1,1057,4,3.1,3,2.3,70,8.3,7.8,11.6,211.4,96.4,36.4,17,117,6.48,6.1,11.7,2014,2733,14,11,2.4,44.4,265,463,57.2,3,5.9,5.4,10.3,210.2,74.6,32,5.17,4.74,"4-9-0"
"Colt McCoy","McCoCo00","WAS",32,"qb",3,2,"0-2-0",34,54,63,372,3,5.6,3,5.6,53,6.9,5.5,10.9,124,78.6,38.2,6,36,5.6,4.35,10,2018,1057,4,3,2.3,36.4,91,128,71.1,3.1,8.3,7.8,11.6,211.4,96.4,17,6.48,6.1,"1-3-0"
"Dak Prescott","PresDa01","DAL",24,"QB",16,16,"9-7-0",308,490,62.9,3324,22,4.5,13,2.7,81,6.8,6.5,10.8,207.8,86.6,69.5,32,185,6.01,5.74,6.1,2017,3667,23,4,0.9,78.8,311,459,67.8,5,8,8.6,11.8,229.2,104.9,25,7.28,7.86,"13-3-0"
"Dak Prescott","PresDa01","DAL",25,"QB",16,16,"10/06/2000",356,526,67.7,3885,22,4.2,8,1.5,90,7.4,7.5,10.9,242.8,96.9,58.6,56,347,6.08,6.22,9.6,2018,3324,22,13,2.7,69.5,308,490,62.9,4.5,6.8,6.5,10.8,207.8,86.6,32,6.01,5.74,"9-7-0"
"David Garrard","GarrDa00","JAX",32,"QB",14,14,"8-6-0",236,366,64.5,2734,23,6.3,15,4.1,75,7.5,6.9,11.6,195.3,90.8,67,33,253,6.22,5.68,8.3,2010,3597,15,10,1.9,55.5,314,516,60.9,2.9,7,6.7,11.5,224.8,83.5,42,6.02,5.75,"7-9-0"
"Dennis Dixon","DixoDe00","PIT",25,"qb",2,2,"2-0-0",22,32,68.8,254,0,0,1,3.1,52,7.9,6.5,11.5,127,79.4,24.9,5,41,5.76,4.54,13.5,2010,145,1,1,3.8,40.1,12,26,46.2,3.8,5.6,4.6,12.1,145,60.6,0,5.58,4.62,"0-1-0"
"Derek Anderson","AndeDe00","ARI",27,"QB",12,9,"2-7-0",169,327,51.7,2065,7,2.1,10,3.1,43,6.3,5.4,12.2,172.1,65.9,30.9,25,176,5.37,4.49,7.1,2010,888,3,10,5.5,23.1,81,182,44.5,1.6,4.9,2.7,11,111,42.1,11,4.21,2.19,"3-4-0"
"Derek Anderson","AndeDe00","CAR",31,"qb",6,2,"2-0-0",65,97,67,701,5,5.2,0,0,35,7.2,8.3,10.8,116.8,105.2,76.6,4,17,6.77,7.76,4,2014,2065,7,10,3.1,30.9,169,327,51.7,2.1,6.3,5.4,12.2,172.1,65.9,25,5.37,4.49,"2-7-0"
"Derek Anderson","AndeDe00","CAR",33,"qb",5,2,"0-2-0",36,53,67.9,453,2,3.8,5,9.4,48,8.5,5.1,12.6,90.6,67.6,14.9,0,0,8.55,5.06,0,2016,701,5,0,0,76.6,65,97,67,5.2,7.2,8.3,10.8,116.8,105.2,4,6.77,7.76,"2-0-0"
"Derek Carr","CarrDe02","OAK",24,"QB",16,16,"7-9-0",350,573,61.1,3987,32,5.6,13,2.3,68,7,7.1,11.4,249.2,91.1,41.2,31,230,6.22,6.31,5.1,2015,3270,21,12,2,40.1,348,599,58.1,3.5,5.5,5.3,9.4,204.4,76.6,24,5.01,4.82,"3-13-0"
"Derek Carr","CarrDe02","OAK",25,"QB",15,15,"12-3-0",357,560,63.8,3937,28,5,6,1.1,75,7,7.5,11,262.5,96.7,54.6,16,79,6.7,7.2,2.8,2016,3987,32,13,2.3,41.2,350,573,61.1,5.6,7,7.1,11.4,249.2,91.1,31,6.22,6.31,"7-9-0"
"Derek Carr","CarrDe02","OAK",26,"QB",15,15,"6-9-0",323,515,62.7,3496,22,4.3,13,2.5,87,6.8,6.5,10.8,233.1,86.4,51,20,101,6.35,6.07,3.7,2017,3937,28,6,1.1,54.6,357,560,63.8,5,7,7.5,11,262.5,96.7,16,6.7,7.2,"12-3-0"
"Derek Carr","CarrDe02","OAK",27,"QB",16,16,"04/12/2000",381,553,68.9,4049,19,3.4,10,1.8,66,7.3,7.2,10.6,253.1,93.9,49.3,51,299,6.21,6.09,8.4,2018,3496,22,13,2.5,51,323,515,62.7,4.3,6.8,6.5,10.8,233.1,86.4,20,6.35,6.07,"6-9-0"
"Deshaun Watson","WatsDe00","HOU",23,"QB",16,16,"11/05/2000",345,505,68.3,4165,26,5.1,9,1.8,73,8.2,8.5,12.1,260.3,103.1,63,62,384,6.67,6.87,10.9,2018,1699,19,8,3.9,83.6,126,204,61.8,9.3,8.3,8.4,13.5,242.7,103,19,7.1,7.19,"3-3-0"
"Donovan McNabb","McNaDo00","WAS",34,"QB",13,13,"5-8-0",275,472,58.3,3377,14,3,15,3.2,76,7.2,6.3,12.3,259.8,77.1,48.2,37,271,6.1,5.33,7.3,2010,3553,22,10,2.3,57,267,443,60.3,5,8,8,13.3,253.8,92.9,35,6.88,6.86,"10-4-0"
"Donovan McNabb","McNaDo00","MIN",35,"qb",6,6,"1-5-0",94,156,60.3,1026,4,2.6,2,1.3,60,6.6,6.5,10.9,171,82.9,55.3,16,113,5.31,5.25,9.3,2011,3377,14,15,3.2,48.2,275,472,58.3,3,7.2,6.3,12.3,259.8,77.1,37,6.1,5.33,"5-8-0"
"Drew Brees","BreeDr00","NOR",31,"QB",16,16,"11-5-0",448,658,68.1,4620,33,5,22,3.3,80,7,6.5,10.3,288.8,90.9,70.6,25,185,6.49,6.01,3.7,2010,4388,34,11,2.1,83.4,363,514,70.6,6.6,8.5,8.9,12.1,292.5,109.6,20,7.96,8.31,"13-2-0"
"Drew Brees","BreeDr00","NOR",32,"QB",16,16,"13-3-0",468,657,71.2,5476,46,7,14,2.1,79,8.3,8.8,11.7,342.3,110.6,83,24,158,7.81,8.23,3.5,2011,4620,33,22,3.3,70.6,448,658,68.1,5,7,6.5,10.3,288.8,90.9,25,6.49,6.01,"11-5-0"
"Drew Brees","BreeDr00","NOR",33,"QB",16,16,"7-9-0",422,670,63,5177,43,6.4,19,2.8,80,7.7,7.7,12.3,323.6,96.3,68.7,26,190,7.17,7.17,3.7,2012,5476,46,14,2.1,83,468,657,71.2,7,8.3,8.8,11.7,342.3,110.6,24,7.81,8.23,"13-3-0"
"Drew Brees","BreeDr00","NOR",34,"QB",16,16,"11-5-0",446,650,68.6,5162,39,6,12,1.8,76,7.9,8.3,11.6,322.6,104.7,69.2,37,244,7.16,7.51,5.4,2013,5177,43,19,2.8,68.7,422,670,63,6.4,7.7,7.7,12.3,323.6,96.3,26,7.17,7.17,"7-9-0"
"Drew Brees","BreeDr00","NOR",35,"QB",16,16,"7-9-0",456,659,69.2,4952,33,5,17,2.6,69,7.5,7.4,10.9,309.5,97,74.8,29,186,6.93,6.77,4.2,2014,5162,39,12,1.8,69.2,446,650,68.6,6,7.9,8.3,11.6,322.6,104.7,37,7.16,7.51,"11-5-0"
"Drew Brees","BreeDr00","NOR",36,"QB",15,15,"7-8-0",428,627,68.3,4870,32,5.1,11,1.8,80,7.8,8,11.4,324.7,101,70.4,31,235,7.04,7.26,4.7,2015,4952,33,17,2.6,74.8,456,659,69.2,5,7.5,7.4,10.9,309.5,97,29,6.93,6.77,"7-9-0"
"Drew Brees","BreeDr00","NOR",37,"QB",16,16,"7-9-0",471,673,70,5208,37,5.5,15,2.2,98,7.7,7.8,11.1,325.5,101.7,65.1,27,184,7.18,7.27,3.9,2016,4870,32,11,1.8,70.4,428,627,68.3,5.1,7.8,8,11.4,324.7,101,31,7.04,7.26,"7-8-0"
"Drew Brees","BreeDr00","NOR",38,"QB",16,16,"11-5-0",386,536,72,4334,23,4.3,8,1.5,54,8.1,8.3,11.2,270.9,103.9,64.6,20,145,7.53,7.71,3.6,2017,5208,37,15,2.2,65.1,471,673,70,5.5,7.7,7.8,11.1,325.5,101.7,27,7.18,7.27,"7-9-0"
"Drew Brees","BreeDr00","NOR",39,"QB",15,15,"13/02/2000",364,489,74.4,3992,32,6.5,5,1,72,8.2,9,11,266.1,115.7,81.9,17,121,7.65,8.47,3.4,2018,4334,23,8,1.5,64.6,386,536,72,4.3,8.1,8.3,11.2,270.9,103.9,20,7.53,7.71,"11-5-0"
"Drew Stanton","StanDr00","DET",26,"qb",6,3,"2-1-0",69,119,58,780,4,3.4,3,2.5,87,6.6,6.1,11.3,130,78.4,51.6,6,42,5.9,5.46,4.8,2010,259,0,6,11.8,8.5,26,51,51,0,5.1,-0.2,10,86.3,26.1,5,4.14,-0.68,"0-1-0"
"Drew Stanton","StanDr00","ARI",30,"QB",9,8,"5-3-0",132,240,55,1711,7,2.9,5,2.1,49,7.1,6.8,13,190.1,78.7,51.7,11,66,6.55,6.22,4.4,2014,780,4,3,2.5,51.6,69,119,58,3.4,6.6,6.1,11.3,130,78.4,6,5.9,5.46,"2-1-0"
"Drew Stanton","StanDr00","ARI",32,"qb",5,1,"1-0-0",19,48,39.6,192,2,4.2,3,6.3,29,4,2,10.1,38.4,39.6,22.5,1,8,3.76,1.82,2,2016,1711,7,5,2.1,51.7,132,240,55,2.9,7.1,6.8,13,190.1,78.7,11,6.55,6.22,"5-3-0"
"Drew Stanton","StanDr00","ARI",33,"qb",5,4,"3-1-0",79,159,49.7,894,6,3.8,5,3.1,52,5.6,5,11.3,178.8,66.4,36.7,7,40,5.14,4.51,4.2,2017,192,2,3,6.3,22.5,19,48,39.6,4.2,4,2,10.1,38.4,39.6,1,3.76,1.82,"1-0-0"
"EJ Manuel","ManuEJ00","BUF",24,"qb",5,4,"2-2-0",76,131,58,838,5,3.8,3,2.3,80,6.4,6.1,11,167.6,80.3,24.6,6,44,5.8,5.54,4.4,2014,1972,11,9,2.9,39.5,180,306,58.8,3.6,6.4,5.8,11,197.2,77.7,28,5.43,4.87,"4-6-0"
"EJ Manuel","ManuEJ00","BUF",25,"qb",7,2,"0-2-0",52,84,61.9,561,3,3.6,3,3.6,58,6.7,5.8,10.8,80.1,78.5,38.1,6,45,5.73,4.9,6.7,2015,838,5,3,2.3,24.6,76,131,58,3.8,6.4,6.1,11,167.6,80.3,6,5.8,5.54,"2-2-0"
"EJ Manuel","ManuEJ00","BUF",26,"qb",6,1,"0-1-0",11,26,42.3,131,0,0,0,0,35,5,5,11.9,21.8,58.3,23.6,3,20,3.83,3.83,10.3,2016,561,3,3,3.6,38.1,52,84,61.9,3.6,6.7,5.8,10.8,80.1,78.5,6,5.73,4.9,"0-2-0"
"EJ Manuel","ManuEJ00","OAK",27,"qb",2,1,"0-1-0",24,43,55.8,265,1,2.3,1,2.3,41,6.2,5.6,11,132.5,72.3,48.2,4,29,5.02,4.49,8.5,2017,131,0,0,0,23.6,11,26,42.3,0,5,5,11.9,21.8,58.3,3,3.83,3.83,"0-1-0"
"Eli Manning","MannEl00","NYG",29,"QB",16,16,"10-6-0",339,539,62.9,4002,31,5.8,25,4.6,92,7.4,6.5,11.8,250.1,85.3,61.1,16,117,7,6.09,2.9,2010,4021,27,14,2.8,69.8,317,509,62.3,5.3,7.9,7.7,12.7,251.3,93.1,30,7.06,6.89,"8-8-0"
"Eli Manning","MannEl00","NYG",30,"QB",16,16,"9-7-0",359,589,61,4933,29,4.9,16,2.7,99,8.4,8.1,13.7,308.3,92.9,64,28,199,7.67,7.45,4.5,2011,4002,31,25,4.6,61.1,339,539,62.9,5.8,7.4,6.5,11.8,250.1,85.3,16,7,6.09,"10-6-0"
"Eli Manning","MannEl00","NYG",31,"QB",16,16,"9-7-0",321,536,59.9,3948,26,4.9,15,2.8,80,7.4,7.1,12.3,246.8,87.2,67,19,136,6.87,6.59,3.4,2012,4933,29,16,2.7,64,359,589,61,4.9,8.4,8.1,13.7,308.3,92.9,28,7.67,7.45,"9-7-0"
"Eli Manning","MannEl00","NYG",32,"QB",16,16,"7-9-0",317,551,57.5,3818,18,3.3,27,4.9,70,6.9,5.4,12,238.6,69.4,39.3,39,281,5.99,4.55,6.6,2013,3948,26,15,2.8,67,321,536,59.9,4.9,7.4,7.1,12.3,246.8,87.2,19,6.87,6.59,"9-7-0"
"Eli Manning","MannEl00","NYG",33,"QB",16,16,"6-10-0",379,601,63.1,4410,30,5,14,2.3,80,7.3,7.3,11.6,275.6,92.1,62.5,28,187,6.71,6.67,4.5,2014,3818,18,27,4.9,39.3,317,551,57.5,3.3,6.9,5.4,12,238.6,69.4,39,5.99,4.55,"7-9-0"
"Eli Manning","MannEl00","NYG",34,"QB",16,16,"6-10-0",387,618,62.6,4432,35,5.7,14,2.3,87,7.2,7.3,11.5,277,93.6,60.5,27,157,6.63,6.74,4.2,2015,4410,30,14,2.3,62.5,379,601,63.1,5,7.3,7.3,11.6,275.6,92.1,28,6.71,6.67,"6-10-0"
"Eli Manning","MannEl00","NYG",35,"QB",16,16,"11-5-0",377,598,63,4027,26,4.3,16,2.7,75,6.7,6.4,10.7,251.7,86,49.3,21,142,6.28,5.95,3.4,2016,4432,35,14,2.3,60.5,387,618,62.6,5.7,7.2,7.3,11.5,277,93.6,27,6.63,6.74,"6-10-0"
"Eli Manning","MannEl00","NYG",36,"QB",15,15,"3-12-0",352,571,61.6,3468,19,3.3,13,2.3,77,6.1,5.7,9.9,231.2,80.4,45.4,31,189,5.45,5.11,5.1,2017,4027,26,16,2.7,49.3,377,598,63,4.3,6.7,6.4,10.7,251.7,86,21,6.28,5.95,"11-5-0"
"Eli Manning","MannEl00","NYG",37,"QB",16,16,"05/11/2000",380,576,66,4299,21,3.6,11,1.9,58,7.5,7.3,11.3,268.7,92.4,51.2,47,358,6.33,6.21,7.5,2018,3468,19,13,2.3,45.4,352,571,61.6,3.3,6.1,5.7,9.9,231.2,80.4,31,5.45,5.11,"3-12-0"
"Geno Smith","SmitGe00","NYJ",24,"QB",14,13,"3-10-0",219,367,59.7,2525,13,3.5,13,3.5,74,6.9,6,11.5,180.4,77.5,45.9,28,175,5.95,5.13,7.1,2014,3046,12,21,4.7,42,247,443,55.8,2.7,6.9,5.3,12.3,190.4,66.5,43,5.62,4.17,"8-8-0"
"Geno Smith","SmitGe00","NYJ",26,"qb",2,1,"1-0-0",8,14,57.1,126,1,7.1,1,7.1,69,9,7.2,15.8,63,81.3,28.7,3,19,6.29,4.82,17.6,2016,2525,13,13,3.5,45.9,219,367,59.7,3.5,6.9,6,11.5,180.4,77.5,28,5.95,5.13,"3-10-0"
"Geno Smith","SmitGe00","NYG",27,"qb",2,1,"0-1-0",21,36,58.3,212,1,2.8,0,0,47,5.9,6.4,10.1,106,84.5,42,3,12,5.13,5.64,7.7,2017,126,1,1,7.1,28.7,8,14,57.1,7.1,9,7.2,15.8,63,81.3,3,6.29,4.82,"1-0-0"
"Jacoby Brissett","BrisJa00","IND",25,"QB",16,15,"4-11-0",276,469,58.8,3098,13,2.8,7,1.5,80,6.6,6.5,11.2,193.6,81.7,41.5,52,305,5.36,5.26,10,2017,400,0,0,0,41.7,34,55,61.8,0,7.3,7.3,11.8,133.3,83.9,6,5.8,5.8,"1-1-0"
"Jake Delhomme","DelhJa00","CLE",35,"qb",5,4,"2-2-0",93,149,62.4,872,2,1.3,7,4.7,49,5.9,4,9.4,174.4,63.4,26.7,6,49,5.31,3.54,3.9,2010,2015,8,18,5.6,36.9,178,321,55.5,2.5,6.3,4.3,11.3,183.2,59.4,23,5.31,3.42,"4-7-0"
"Jake Locker","LockJa00","TEN",25,"qb",7,7,"4-3-0",111,183,60.7,1256,8,4.4,4,2.2,66,6.9,6.8,11.3,179.4,86.7,58.7,16,105,5.78,5.68,8,2013,2176,10,11,3.5,42,177,314,56.4,3.2,6.9,6,12.3,197.8,74,25,5.97,5.1,"4-7-0"
"Jake Locker","LockJa00","TEN",26,"qb",7,5,"1-4-0",86,146,58.9,993,5,3.4,7,4.8,61,6.8,5.3,11.5,141.9,70.9,43.8,14,85,5.68,4.33,8.8,2014,1256,8,4,2.2,58.7,111,183,60.7,4.4,6.9,6.8,11.3,179.4,86.7,16,5.78,5.68,"4-3-0"
"Jameis Winston","WinsJa00","TAM",22,"QB",16,16,"9-7-0",345,567,60.8,4090,28,4.9,18,3.2,45,7.2,6.8,11.9,255.6,86.1,59.7,35,239,6.4,5.98,5.8,2016,4042,22,15,2.8,61.1,312,535,58.3,4.1,7.6,7.1,13,252.6,84.2,27,6.85,6.44,"6-10-0"
"Jameis Winston","WinsJa00","TAM",23,"QB",13,13,"3-10-0",282,442,63.8,3504,19,4.3,11,2.5,70,7.9,7.7,12.4,269.5,92.2,54,33,207,6.94,6.7,6.9,2017,4090,28,18,3.2,59.7,345,567,60.8,4.9,7.2,6.8,11.9,255.6,86.1,35,6.4,5.98,"9-7-0"
"Jameis Winston","WinsJa00","TAM",24,"QB",11,9,"03/06/2000",244,378,64.6,2992,19,5,14,3.7,64,7.9,7.3,12.3,272,90.2,71.8,27,157,7,6.38,6.7,2018,3504,19,11,2.5,54,282,442,63.8,4.3,7.9,7.7,12.4,269.5,92.2,33,6.94,6.7,"3-10-0"
"Jared Goff","GoffJa00","LAR",23,"QB",15,15,"11-4-0",296,477,62.1,3804,28,5.9,7,1.5,94,8,8.5,12.9,253.6,100.5,52.1,25,172,7.24,7.72,5,2017,1089,5,7,3.4,18.9,112,205,54.6,2.4,5.3,4.3,9.7,155.6,63.6,26,3.75,2.82,"0-7-0"
"Jared Goff","GoffJa00","LAR",24,"QB",16,16,"13/03/2000",364,561,64.9,4688,32,5.7,12,2.1,70,8.4,8.5,12.9,293,101.1,65.4,33,223,7.52,7.69,5.6,2018,3804,28,7,1.5,52.1,296,477,62.1,5.9,8,8.5,12.9,253.6,100.5,25,7.24,7.72,"11-4-0"
"Jason Campbell","CampJa00","OAK",29,"QB",13,12,"7-5-0",194,329,59,2387,13,4,8,2.4,73,7.3,7,12.3,183.6,84.5,49.2,33,208,6.02,5.74,9.1,2010,3618,20,15,3,54.7,327,507,64.5,3.9,7.1,6.6,11.1,226.1,86.4,43,6.06,5.56,"4-12-0"
"Jason Campbell","CampJa00","OAK",30,"qb",6,6,"4-2-0",100,165,60.6,1170,6,3.6,4,2.4,58,7.1,6.7,11.7,195,84.2,55.1,5,19,6.77,6.42,2.9,2011,2387,13,8,2.4,49.2,194,329,59,4,7.3,7,12.3,183.6,84.5,33,6.02,5.74,"7-5-0"
"Jason Campbell","CampJa00","CHI",31,"qb",6,1,"0-1-0",32,51,62.7,265,2,3.9,2,3.9,45,5.2,4.2,8.3,44.2,72.8,9.2,6,49,3.79,2.91,10.5,2012,1170,6,4,2.4,55.1,100,165,60.6,3.6,7.1,6.7,11.7,195,84.2,5,6.77,6.42,"4-2-0"
"Jason Campbell","CampJa00","CLE",32,"QB",9,8,"1-7-0",180,317,56.8,2015,11,3.5,8,2.5,80,6.4,5.9,11.2,223.9,76.9,41.4,16,104,5.74,5.32,4.8,2013,265,2,2,3.9,9.2,32,51,62.7,3.9,5.2,4.2,8.3,44.2,72.8,6,3.79,2.91,"0-1-0"
"Jay Cutler","CutlJa00","CHI",27,"QB",15,15,"10-5-0",261,432,60.4,3274,23,5.3,16,3.7,89,7.6,7,12.5,218.3,86.3,51.1,52,352,6.04,5.5,10.7,2010,3666,27,26,4.7,50.3,336,555,60.5,4.9,6.6,5.5,10.9,229.1,76.8,35,5.87,4.8,"7-9-0"
"Jay Cutler","CutlJa00","CHI",28,"QB",10,10,"7-3-0",182,314,58,2319,13,4.1,7,2.2,56,7.4,7.2,12.7,231.9,85.7,63.6,23,159,6.41,6.25,6.8,2011,3274,23,16,3.7,51.1,261,432,60.4,5.3,7.6,7,12.5,218.3,86.3,52,6.04,5.5,"10-5-0"
"Jay Cutler","CutlJa00","CHI",29,"QB",15,15,"10-5-0",255,434,58.8,3033,19,4.4,14,3.2,60,7,6.4,11.9,202.2,81.3,48.1,38,250,5.9,5.37,8.1,2012,2319,13,7,2.2,63.6,182,314,58,4.1,7.4,7.2,12.7,231.9,85.7,23,6.41,6.25,"7-3-0"
"Jay Cutler","CutlJa00","CHI",30,"QB",11,11,"5-6-0",224,355,63.1,2621,19,5.4,12,3.4,67,7.4,6.9,11.7,238.3,89.2,70.9,19,132,6.66,6.23,5.1,2013,3033,19,14,3.2,48.1,255,434,58.8,4.4,7,6.4,11.9,202.2,81.3,38,5.9,5.37,"10-5-0"
"Jay Cutler","CutlJa00","CHI",31,"QB",15,15,"5-10-0",370,561,66,3812,28,5,18,3.2,74,6.8,6.3,10.3,254.1,88.6,51.8,38,223,5.99,5.57,6.3,2014,2621,19,12,3.4,70.9,224,355,63.1,5.4,7.4,6.9,11.7,238.3,89.2,19,6.66,6.23,"5-6-0"
"Jay Cutler","CutlJa00","CHI",32,"QB",15,15,"6-9-0",311,483,64.4,3659,21,4.3,11,2.3,87,7.6,7.4,11.8,243.9,92.3,59.9,29,150,6.85,6.71,5.7,2015,3812,28,18,3.2,51.8,370,561,66,5,6.8,6.3,10.3,254.1,88.6,38,5.99,5.57,"5-10-0"
"Jay Cutler","CutlJa00","CHI",33,"qb",5,5,"1-4-0",81,137,59.1,1059,4,2.9,5,3.6,54,7.7,6.7,13.1,211.8,78.1,23.2,17,104,6.2,5.26,11,2016,3659,21,11,2.3,59.9,311,483,64.4,4.3,7.6,7.4,11.8,243.9,92.3,29,6.85,6.71,"6-9-0"
"Jay Cutler","CutlJa00","MIA",34,"QB",14,14,"6-8-0",266,429,62,2666,19,4.4,14,3.3,65,6.2,5.6,10,190.4,80.8,45.6,20,154,5.59,5.04,4.5,2017,1059,4,5,3.6,23.2,81,137,59.1,2.9,7.7,6.7,13.1,211.8,78.1,17,6.2,5.26,"1-4-0"
"Jimmy Clausen","ClauJi00","CHI",27,"qb",4,1,"0-1-0",26,48,54.2,223,2,4.2,1,2.1,22,4.6,4.5,8.6,55.8,71.8,44.1,3,20,3.98,3.88,5.9,2014,1558,3,9,3,13.2,157,299,52.5,1,5.2,4.1,9.9,119.8,58.4,33,4.02,2.98,"1-9-0"
"Jimmy Garoppolo","GaroJi00","SFO",26,"qb",6,5,"5-0-0",120,178,67.4,1560,7,3.9,5,2.8,61,8.8,8.3,13,260,96.2,80.7,8,57,8.08,7.62,4.3,2017,502,4,0,0,86,43,63,68.3,6.3,8,9.2,11.7,83.7,113.3,3,7.38,8.59,"2-0-0"
"Jimmy Garoppolo","GaroJi00","SFO",27,"qb",3,3,"01/02/2000",53,89,59.6,718,5,5.6,3,3.4,56,8.1,7.7,13.5,239.3,90,26.9,13,97,6.09,5.75,12.7,2018,1560,7,5,2.8,80.7,120,178,67.4,3.9,8.8,8.3,13,260,96.2,8,8.08,7.62,"5-0-0"
"Joe Flacco","FlacJo00","BAL",25,"QB",16,16,"12-4-0",306,489,62.6,3622,25,5.1,10,2,67,7.4,7.5,11.8,226.4,93.6,60.1,40,294,6.29,6.39,7.6,2010,3613,21,12,2.4,59.8,315,499,63.1,4.2,7.2,7,11.5,225.8,88.9,36,6.35,6.12,"9-7-0"
"Joe Flacco","FlacJo00","BAL",26,"QB",16,16,"12-4-0",312,542,57.6,3610,20,3.7,12,2.2,74,6.7,6.4,11.6,225.6,80.9,62.5,31,203,5.95,5.7,5.4,2011,3622,25,10,2,60.1,306,489,62.6,5.1,7.4,7.5,11.8,226.4,93.6,40,6.29,6.39,"12-4-0"
"Joe Flacco","FlacJo00","BAL",27,"QB",16,16,"10-6-0",317,531,59.7,3817,22,4.1,10,1.9,61,7.2,7.2,12,238.6,87.7,51.1,35,227,6.34,6.33,6.2,2012,3610,20,12,2.2,62.5,312,542,57.6,3.7,6.7,6.4,11.6,225.6,80.9,31,5.95,5.7,"12-4-0"
"Joe Flacco","FlacJo00","BAL",28,"QB",16,16,"8-8-0",362,614,59,3912,19,3.1,22,3.6,74,6.4,5.4,10.8,244.5,73.1,47.8,48,324,5.42,4.5,7.3,2013,3817,22,10,1.9,51.1,317,531,59.7,4.1,7.2,7.2,12,238.6,87.7,35,6.34,6.33,"10-6-0"
"Joe Flacco","FlacJo00","BAL",29,"QB",16,16,"10-6-0",344,554,62.1,3986,27,4.9,12,2.2,80,7.2,7.2,11.6,249.1,91,68.2,19,167,6.66,6.66,3.3,2014,3912,19,22,3.6,47.8,362,614,59,3.1,6.4,5.4,10.8,244.5,73.1,48,5.42,4.5,"8-8-0"
"Joe Flacco","FlacJo00","BAL",30,"QB",10,10,"3-7-0",266,413,64.4,2791,14,3.4,12,2.9,50,6.8,6.1,10.5,279.1,83.1,49.7,16,124,6.22,5.61,3.7,2015,3986,27,12,2.2,68.2,344,554,62.1,4.9,7.2,7.2,11.6,249.1,91,19,6.66,6.66,"10-6-0"
"Joe Flacco","FlacJo00","BAL",31,"QB",16,16,"8-8-0",436,672,64.9,4317,20,3,15,2.2,95,6.4,6,9.9,269.8,83.5,52.7,33,243,5.78,5.39,4.7,2016,2791,14,12,2.9,49.7,266,413,64.4,3.4,6.8,6.1,10.5,279.1,83.1,16,6.22,5.61,"3-7-0"
"Joe Flacco","FlacJo00","BAL",32,"QB",16,16,"9-7-0",352,549,64.1,3141,18,3.3,13,2.4,66,5.7,5.3,8.9,196.3,80.4,49.8,27,205,5.1,4.71,4.7,2017,4317,20,15,2.2,52.7,436,672,64.9,3,6.4,6,9.9,269.8,83.5,33,5.78,5.39,"8-8-0"
"Joe Flacco","FlacJo00","BAL",33,"QB",9,9,"04/05/2000",232,379,61.2,2465,12,3.2,6,1.6,71,6.5,6.4,10.6,273.9,84.2,58.7,16,79,6.04,5.96,4.1,2018,3141,18,13,2.4,49.8,352,549,64.1,3.3,5.7,5.3,8.9,196.3,80.4,27,5.1,4.71,"9-7-0"
"John Skelton","SkelJo00","ARI",23,"qb",8,7,"5-2-0",151,275,54.9,1913,11,4,14,5.1,60,7,5.5,12.7,239.1,68.9,34.9,23,162,5.88,4.5,7.7,2011,662,2,2,1.6,26.1,60,126,47.6,1.6,5.3,4.9,11,132.4,62.3,9,4.42,4.05,"2-2-0"
"John Skelton","SkelJo00","ARI",24,"qb",7,6,"1-5-0",109,201,54.2,1132,2,1,9,4.5,40,5.6,3.8,10.4,161.7,55.4,18.3,15,98,4.79,3.1,6.9,2012,1913,11,14,5.1,34.9,151,275,54.9,4,7,5.5,12.7,239.1,68.9,23,5.88,4.5,"5-2-0"
"Johnny Manziel","ManzJo00","CLE",23,"qb",10,6,"2-4-0",129,223,57.8,1500,7,3.1,5,2.2,61,6.7,6.3,11.6,150,79.4,54.1,19,141,5.62,5.26,7.9,2015,175,0,2,5.7,7.3,18,35,51.4,0,5,2.4,9.7,35,42,3,3.92,1.55,"0-2-0"
"Josh Freeman","FreeJo00","TAM",22,"QB",16,16,"10-6-0",291,474,61.4,3451,25,5.3,6,1.3,64,7.3,7.8,11.9,215.7,95.9,70.3,28,195,6.49,6.94,5.6,2010,1855,10,18,6.2,37.2,158,290,54.5,3.4,6.4,4.3,11.7,185.5,59.8,20,5.65,3.69,"3-6-0"
"Josh Freeman","FreeJo00","TAM",23,"QB",15,15,"4-11-0",346,551,62.8,3592,16,2.9,22,4,65,6.5,5.3,10.4,239.5,74.6,46.7,29,164,5.91,4.76,5,2011,3451,25,6,1.3,70.3,291,474,61.4,5.3,7.3,7.8,11.9,215.7,95.9,28,6.49,6.94,"10-6-0"
"Josh Freeman","FreeJo00","TAM",24,"QB",16,16,"7-9-0",306,558,54.8,4065,27,4.8,17,3,95,7.3,6.9,13.3,254.1,81.6,49.4,26,161,6.68,6.3,4.5,2012,3592,16,22,4,46.7,346,551,62.8,2.9,6.5,5.3,10.4,239.5,74.6,29,5.91,4.76,"4-11-0"
"Josh Freeman","FreeJo00","IND",27,"qb",1,1,"1-0-0",15,28,53.6,149,1,3.6,1,3.6,57,5.3,4.4,9.9,149,65.9,61.5,1,7,4.9,4.03,3.4,2015,4065,27,17,3,49.4,306,558,54.8,4.8,7.3,6.9,13.3,254.1,81.6,26,6.68,6.3,"7-9-0"
"Josh Johnson","JohnJo05","TAM",25,"qb",9,1,"0-1-0",19,36,52.8,246,1,2.8,2,5.6,42,6.8,4.9,12.9,27.3,60.6,49,3,24,5.69,3.9,7.7,2011,685,4,8,6.4,32.6,63,125,50.4,3.2,5.5,3.2,10.9,114.2,50.9,11,4.6,2.54,"0-4-0"
"Josh Johnson","JohnJo05","WAS",32,"qb",4,3,"01/02/2000",52,91,57.1,590,3,3.3,4,4.4,79,6.5,5.2,11.3,147.5,69.4,45.7,9,67,5.23,4.03,9,2018,246,1,2,5.6,49,19,36,52.8,2.8,6.8,4.9,12.9,27.3,60.6,3,5.69,3.9,"0-1-0"
"Josh McCown","McCoJo01","CHI",34,"qb",8,5,"3-2-0",149,224,66.5,1829,13,5.8,1,0.4,80,8.2,9.1,12.3,228.6,109,83.4,11,37,7.63,8.54,4.7,2013,414,2,4,7.3,33.9,35,55,63.6,3.6,7.5,5,11.8,138,68.3,7,5.98,3.73,"1-1-0"
"Josh McCown","McCoJo01","TAM",35,"QB",11,11,"1-10-0",184,327,56.3,2206,11,3.4,14,4.3,56,6.7,5.5,12,200.5,70.5,38,36,235,5.43,4.3,9.9,2014,1829,13,1,0.4,83.4,149,224,66.5,5.8,8.2,9.1,12.3,228.6,109,11,7.63,8.54,"3-2-0"
"Josh McCown","McCoJo01","CLE",36,"QB",8,8,"1-7-0",186,292,63.7,2109,12,4.1,4,1.4,56,7.2,7.4,11.3,263.6,93.3,50.3,23,137,6.26,6.45,7.3,2015,2206,11,14,4.3,38,184,327,56.3,3.4,6.7,5.5,12,200.5,70.5,36,5.43,4.3,"1-10-0"
"Josh McCown","McCoJo01","CLE",37,"qb",5,3,"0-3-0",90,165,54.5,1100,6,3.6,6,3.6,54,6.7,5.8,12.2,220,72.3,31.5,18,126,5.32,4.5,9.8,2016,2109,12,4,1.4,50.3,186,292,63.7,4.1,7.2,7.4,11.3,263.6,93.3,23,6.26,6.45,"1-7-0"
"Josh McCown","McCoJo01","NYJ",38,"QB",13,13,"5-8-0",267,397,67.3,2926,18,4.5,9,2.3,69,7.4,7.3,11,225.1,94.5,60,39,264,6.11,6,8.9,2017,1100,6,6,3.6,31.5,90,165,54.5,3.6,6.7,5.8,12.2,220,72.3,18,5.32,4.5,"0-3-0"
"Josh McCown","McCoJo01","NYJ",39,"qb",4,3,"0-3-0",60,110,54.5,539,1,0.9,4,3.6,41,4.9,3.4,9,134.8,55.8,31.4,7,35,4.31,2.94,6,2018,2926,18,9,2.3,60,267,397,67.3,4.5,7.4,7.3,11,225.1,94.5,39,6.11,6,"5-8-0"
"Kellen Clemens","ClemKe00","STL",28,"qb",3,3,"0-3-0",48,91,52.7,546,2,2.2,1,1.1,36,6,5.9,11.4,182,73.8,33.1,9,68,4.78,4.73,9,2011,125,0,0,0,9.7,13,26,50,0,4.8,4.8,9.6,12.5,63.8,4,3.47,3.47,"1-0-0"
"Kellen Clemens","ClemKe00","STL",30,"QB",10,9,"4-5-0",142,242,58.7,1673,8,3.3,7,2.9,81,6.9,6.3,11.8,167.3,78.8,39.4,21,138,5.84,5.25,8,2013,546,2,1,1.1,33.1,48,91,52.7,2.2,6,5.9,11.4,182,73.8,9,4.78,4.73,"0-3-0"
"Kerry Collins","CollKe00","TEN",38,"qb",10,7,"2-5-0",160,278,57.6,1823,14,5,8,2.9,80,6.6,6.3,11.4,182.3,82.2,59.4,13,91,5.95,5.68,4.5,2010,1225,6,8,3.7,41.1,119,216,55.1,2.8,5.7,4.6,10.3,175,65.5,6,5.35,4.27,"0-6-0"
"Kerry Collins","CollKe00","IND",39,"qb",3,3,"0-3-0",48,98,49,481,2,2,1,1,36,4.9,4.9,10,160.3,65.9,16.4,5,40,4.28,4.23,4.9,2011,1823,14,8,2.9,59.4,160,278,57.6,5,6.6,6.3,11.4,182.3,82.2,13,5.95,5.68,"2-5-0"
"Kevin Kolb","KolbKe00","PHI",26,"qb",7,5,"2-3-0",115,189,60.8,1197,7,3.7,7,3.7,83,6.3,5.4,10.4,171,76.1,46.4,15,99,5.38,4.52,7.4,2010,741,4,3,3.1,61.5,62,96,64.6,4.2,7.7,7.1,12,148.2,88.9,3,7.21,6.66,"1-1-0"
"Kevin Kolb","KolbKe00","ARI",27,"QB",9,9,"3-6-0",146,253,57.7,1955,9,3.6,8,3.2,73,7.7,7,13.4,217.2,81.1,34,30,219,6.13,5.5,10.6,2011,1197,7,7,3.7,46.4,115,189,60.8,3.7,6.3,5.4,10.4,171,76.1,15,5.38,4.52,"2-3-0"
"Kevin Kolb","KolbKe00","ARI",28,"qb",6,5,"3-2-0",109,183,59.6,1169,8,4.4,3,1.6,46,6.4,6.5,10.7,194.8,86.1,42.7,27,159,4.81,4.93,12.9,2012,1955,9,8,3.2,34,146,253,57.7,3.6,7.7,7,13.4,217.2,81.1,30,6.13,5.5,"3-6-0"
"Kirk Cousins","CousKi00","WAS",25,"qb",5,3,"0-3-0",81,155,52.3,854,4,2.6,7,4.5,62,5.5,4,10.5,170.8,58.4,41.7,5,32,5.14,3.67,3.1,2013,466,4,3,6.3,77.7,33,48,68.8,8.3,9.7,8.6,14.1,155.3,101.6,3,8.61,7.53,"1-0-0"
"Kirk Cousins","CousKi00","WAS",26,"qb",6,5,"1-4-0",126,204,61.8,1710,10,4.9,9,4.4,81,8.4,7.4,13.6,285,86.4,52,8,70,7.74,6.77,3.8,2014,854,4,7,4.5,41.7,81,155,52.3,2.6,5.5,4,10.5,170.8,58.4,5,5.14,3.67,"0-3-0"
"Kirk Cousins","CousKi00","WAS",27,"QB",16,16,"9-7-0",379,543,69.8,4166,29,5.3,11,2,78,7.7,7.8,11,260.4,101.6,71.7,26,186,6.99,7.14,4.6,2015,1710,10,9,4.4,52,126,204,61.8,4.9,8.4,7.4,13.6,285,86.4,8,7.74,6.77,"1-4-0"
"Kirk Cousins","CousKi00","WAS",28,"QB",16,16,"8-7-1",406,606,67,4917,25,4.1,12,2,80,8.1,8,12.1,307.3,97.2,66.1,23,190,7.52,7.45,3.7,2016,4166,29,11,2,71.7,379,543,69.8,5.3,7.7,7.8,11,260.4,101.6,26,6.99,7.14,"9-7-0"
"Kirk Cousins","CousKi00","WAS",29,"QB",16,16,"7-9-0",347,540,64.3,4093,27,5,13,2.4,74,7.6,7.5,11.8,255.8,93.9,54.2,41,342,6.46,6.38,7.1,2017,4917,25,12,2,66.1,406,606,67,4.1,8.1,8,12.1,307.3,97.2,23,7.52,7.45,"8-7-1"
"Kirk Cousins","CousKi00","MIN",30,"QB",16,16,"08/07/2001",425,606,70.1,4298,30,5,10,1.7,75,7.1,7.3,10.1,268.6,99.7,60.6,40,262,6.25,6.48,6.2,2018,4093,27,13,2.4,54.2,347,540,64.3,5,7.6,7.5,11.8,255.8,93.9,41,6.46,6.38,"7-9-0"
"Kyle Boller","BollKy00","OAK",30,"qb",2,1,"0-1-0",15,28,53.6,161,0,0,3,10.7,27,5.8,0.9,10.7,80.5,31.1,6.8,3,19,4.58,0.23,9.7,2011,899,3,6,3.4,21.6,98,176,55.7,1.7,5.1,3.9,9.2,128.4,61.2,17,4.05,2.96,"0-4-0"
"Kyle Orton","OrtoKy00","DEN",28,"QB",13,13,"3-10-0",293,498,58.8,3653,20,4,9,1.8,71,7.3,7.3,12.5,281,87.5,53.3,34,243,6.41,6.4,6.4,2010,3802,21,12,2.2,57.7,336,541,62.1,3.9,7,6.8,11.3,237.6,86.8,29,6.39,6.18,"8-7-0"
"Kyle Orton","OrtoKy00","DAL",31,"qb",3,1,"0-1-0",33,51,64.7,398,2,3.9,2,3.9,39,7.8,6.8,12.1,132.7,85.3,51.6,0,0,7.8,6.82,0,2013,3653,20,9,1.8,53.3,293,498,58.8,4,7.3,7.3,12.5,281,87.5,34,6.41,6.4,"3-10-0"
"Kyle Orton","OrtoKy00","BUF",32,"QB",12,12,"7-5-0",287,447,64.2,3018,18,4,10,2.2,84,6.8,6.6,10.5,251.5,87.8,43.9,33,198,5.88,5.69,6.9,2014,398,2,2,3.9,51.6,33,51,64.7,3.9,7.8,6.8,12.1,132.7,85.3,0,7.8,6.82,"0-1-0"
"Landry Jones","JoneLa02","PIT",27,"qb",8,2,"1-1-0",53,86,61.6,558,4,4.7,2,2.3,51,6.5,6.4,10.5,69.8,86.3,43.8,4,34,5.82,5.71,4.4,2016,513,3,4,7.3,43.8,32,55,58.2,5.5,9.3,7.1,16,73.3,77.3,2,8.7,6.6,"1-1-0"
"Landry Jones","JoneLa02","PIT",28,"qb",3,1,"1-0-0",23,28,82.1,239,1,3.6,1,3.6,46,8.5,7.6,10.4,79.7,99.3,70.3,3,15,7.23,6.42,9.7,2017,558,4,2,2.3,43.8,53,86,61.6,4.7,6.5,6.4,10.5,69.8,86.3,4,5.82,5.71,"1-1-0"
"Luke McCown","McCoLu00","NOR",34,"qb",8,1,"0-1-0",32,39,82.1,335,0,0,1,2.6,25,8.6,7.4,10.5,41.9,91.8,86.1,1,0,8.38,7.25,2.5,2015,296,0,4,7.1,21.6,30,56,53.6,0,5.3,2.1,9.9,74,39,4,4.3,1.3,"1-1-0"
"Marcus Mariota","MariMa01","TEN",23,"QB",15,15,"8-7-0",276,451,61.2,3426,26,5.8,9,2,60,7.6,7.9,12.4,228.4,95.6,59.4,23,156,6.9,7.14,4.9,2016,2818,19,10,2.7,53.3,230,370,62.2,5.1,7.6,7.4,12.3,234.8,91.5,38,6.27,6.1,"3-9-0"
"Marcus Mariota","MariMa01","TEN",24,"QB",15,15,"9-6-0",281,453,62,3232,13,2.9,15,3.3,75,7.1,6.2,11.5,215.5,79.3,58.8,27,173,6.37,5.51,5.6,2017,3426,26,9,2,59.4,276,451,61.2,5.8,7.6,7.9,12.4,228.4,95.6,23,6.9,7.14,"8-7-0"
"Marcus Mariota","MariMa01","TEN",25,"QB",14,13,"07/06/2000",228,331,68.9,2528,11,3.3,8,2.4,61,7.6,7.2,11.1,180.6,92.3,53.1,42,243,6.13,5.75,11.3,2018,3232,13,15,3.3,58.8,281,453,62,2.9,7.1,6.2,11.5,215.5,79.3,27,6.37,5.51,"9-6-0"
"Mark Sanchez","SancMa00","NYJ",24,"QB",16,16,"11-5-0",278,507,54.8,3291,17,3.4,13,2.6,74,6.5,6,11.8,205.7,75.3,51.6,27,171,5.84,5.38,5.1,2010,2444,12,20,5.5,34.8,196,364,53.8,3.3,6.7,4.9,12.5,162.9,63,26,5.77,4.07,"8-7-0"
"Mark Sanchez","SancMa00","NYJ",25,"QB",16,16,"8-8-0",308,543,56.7,3474,26,4.8,18,3.3,74,6.4,5.9,11.3,217.1,78.2,44.1,39,243,5.55,5.05,6.7,2011,3291,17,13,2.6,51.6,278,507,54.8,3.4,6.5,6,11.8,205.7,75.3,27,5.84,5.38,"11-5-0"
"Mark Sanchez","SancMa00","NYJ",26,"QB",15,15,"6-9-0",246,453,54.3,2883,13,2.9,18,4,66,6.4,5.2,11.7,192.2,66.9,27.1,34,209,5.49,4.36,7,2012,3474,26,18,3.3,44.1,308,543,56.7,4.8,6.4,5.9,11.3,217.1,78.2,39,5.55,5.05,"8-8-0"
"Mark Sanchez","SancMa00","PHI",28,"QB",9,8,"4-4-0",198,309,64.1,2418,14,4.5,11,3.6,72,7.8,7.1,12.2,268.7,88.4,57.5,23,151,6.83,6.18,6.9,2014,2883,13,18,4,27.1,246,453,54.3,2.9,6.4,5.2,11.7,192.2,66.9,34,5.49,4.36,"6-9-0"
"Mark Sanchez","SancMa00","PHI",29,"qb",4,2,"0-2-0",59,91,64.8,616,4,4.4,4,4.4,43,6.8,5.7,10.4,154,80.7,34.4,9,54,5.62,4.62,9,2015,2418,14,11,3.6,57.5,198,309,64.1,4.5,7.8,7.1,12.2,268.7,88.4,23,6.83,6.18,"4-4-0"
"Mark Sanchez","SancMa00","WAS",32,"qb",2,1,"0-1-0",19,35,54.3,138,0,0,3,8.6,20,3.9,0.1,7.3,69,28,4.9,7,42,2.29,-0.93,16.7,2018,616,4,4,4.4,34.4,59,91,64.8,4.4,6.8,5.7,10.4,154,80.7,9,5.62,4.62,"0-2-0"
"Matt Barkley","BarkMa00","BUF",28,"qb",1,1,"1-0-0",15,25,60,232,2,8,0,0,47,9.3,10.9,15.5,232,117.4,84.7,1,8,8.62,10.15,3.8,2018,1611,8,14,6.5,39.8,129,216,59.7,3.7,7.5,5.3,12.5,230.1,68.3,6,7.06,4.95,"1-5-0"
"Matt Cassel","CassMa00","KAN",28,"QB",15,15,"10-5-0",262,450,58.2,3116,27,6,7,1.6,75,6.9,7.4,11.9,207.7,93,60.1,26,182,6.16,6.64,5.5,2010,2924,16,16,3.2,29.1,271,493,55,3.2,5.9,5.1,10.8,194.9,69.9,42,5.01,4.26,"4-11-0"
"Matt Cassel","CassMa00","KAN",29,"QB",9,9,"4-5-0",160,269,59.5,1713,10,3.7,9,3.3,52,6.4,5.6,10.7,190.3,76.6,54.7,22,120,5.47,4.77,7.6,2011,3116,27,7,1.6,60.1,262,450,58.2,6,6.9,7.4,11.9,207.7,93,26,6.16,6.64,"10-5-0"
"Matt Cassel","CassMa00","KAN",30,"QB",9,8,"1-7-0",161,277,58.1,1796,6,2.2,12,4.3,46,6.5,5,11.2,199.6,66.7,26.3,19,101,5.73,4.31,6.4,2012,1713,10,9,3.3,54.7,160,269,59.5,3.7,6.4,5.6,10.7,190.3,76.6,22,5.47,4.77,"4-5-0"
"Matt Cassel","CassMa00","MIN",31,"qb",9,6,"3-3-0",153,254,60.2,1807,11,4.3,9,3.5,79,7.1,6.4,11.8,200.8,81.6,51.6,16,85,6.38,5.69,5.9,2013,1796,6,12,4.3,26.3,161,277,58.1,2.2,6.5,5,11.2,199.6,66.7,19,5.73,4.31,"1-7-0"
"Matt Cassel","CassMa00","MIN",32,"qb",3,3,"1-2-0",41,71,57.7,425,3,4.2,4,5.6,28,6,4.3,10.4,141.7,65.8,47.4,6,39,5.01,3.45,7.8,2014,1807,11,9,3.5,51.6,153,254,60.2,4.3,7.1,6.4,11.8,200.8,81.6,16,6.38,5.69,"3-3-0"
"Matt Cassel","CassMa00","TEN",34,"qb",4,1,"1-0-0",30,51,58.8,284,2,3.9,2,3.9,50,5.6,4.6,9.5,71,71,63.3,5,23,4.66,3.77,8.9,2016,425,3,4,5.6,47.4,41,71,57.7,4.2,6,4.3,10.4,141.7,65.8,6,5.01,3.45,"1-2-0"
"Matt Cassel","CassMa00","TEN",35,"qb",2,1,"0-1-0",25,42,59.5,162,1,2.4,2,4.8,17,3.9,2.2,6.5,81,55.9,14.5,8,30,2.64,1.24,16,2017,284,2,2,3.9,63.3,30,51,58.8,3.9,5.6,4.6,9.5,71,71,5,4.66,3.77,"1-0-0"
"Matt Flynn","FlynMa00","GNB",26,"qb",5,1,"1-0-0",33,49,67.3,518,6,12.2,2,4.1,80,10.6,11.2,15.7,103.6,124.8,85.6,5,18,9.26,9.81,9.3,2011,433,3,2,3,22.1,40,66,60.6,4.5,6.6,6.1,10.8,61.9,82.4,7,5.41,5,"0-1-0"
"Matt Hasselbeck","HassMa00","SEA",35,"QB",14,14,"6-8-0",266,444,59.9,3001,12,2.7,17,3.8,87,6.8,5.6,11.3,214.4,73.2,50.3,29,175,5.97,4.86,6.1,2010,3029,17,17,3.5,35,293,488,60,3.5,6.2,5.3,10.3,216.4,75.1,32,5.42,4.61,"5-9-0"
"Matt Hasselbeck","HassMa00","TEN",36,"QB",16,16,"9-7-0",319,518,61.6,3571,18,3.5,14,2.7,80,6.9,6.4,11.2,223.2,82.4,51.4,19,153,6.36,5.86,3.5,2011,3001,12,17,3.8,50.3,266,444,59.9,2.7,6.8,5.6,11.3,214.4,73.2,29,5.97,4.86,"6-8-0"
"Matt Hasselbeck","HassMa00","TEN",37,"qb",8,5,"2-3-0",138,221,62.4,1367,7,3.2,5,2.3,37,6.2,5.8,9.9,170.9,81,45,14,103,5.38,5.02,6,2012,3571,18,14,2.7,51.4,319,518,61.6,3.5,6.9,6.4,11.2,223.2,82.4,19,6.36,5.86,"9-7-0"
"Matt Hasselbeck","HassMa00","IND",40,"QB",8,8,"5-3-0",156,256,60.9,1690,9,3.5,5,2,57,6.6,6.4,10.8,211.3,84,48,16,101,5.84,5.68,5.9,2015,1367,7,5,2.3,45,138,221,62.4,3.2,6.2,5.8,9.9,170.9,81,14,5.38,5.02,"2-3-0"
"Matt Leinart","LeinMa00","HOU",28,"qb",2,1,"1-0-0",10,13,76.9,57,1,7.7,0,0,20,4.4,5.9,5.7,28.5,110.1,38.1,0,0,4.38,5.92,0,2011,435,0,3,3.9,46.7,51,77,66.2,0,5.6,3.9,8.5,54.4,64.6,2,5.35,3.65,"0-1-0"
"Matt McGloin","McGlMa01","OAK",27,"qb",3,1,"0-1-0",8,15,53.3,50,0,0,0,0,19,3.3,3.3,6.3,16.7,60.4,8.2,0,0,3.33,3.33,0,2016,1547,8,8,3.8,50.2,118,211,55.9,3.8,7.3,6.4,13.1,221,76.1,6,6.88,5.96,"1-5-0"
"Matt Moore","MoorMa01","CAR",26,"qb",6,5,"1-4-0",79,143,55.2,857,5,3.5,10,7,39,6,3.5,10.8,142.8,55.6,32.8,13,90,4.92,2.67,8.3,2010,1053,8,2,1.4,65.8,85,138,61.6,5.8,7.6,8.1,12.4,150.4,98.5,9,6.63,7.11,"4-1-0"
"Matt Moore","MoorMa01","MIA",27,"QB",13,12,"6-6-0",210,347,60.5,2497,16,4.6,9,2.6,65,7.2,7,11.9,192.1,87.1,57.2,36,229,5.92,5.7,9.4,2011,857,5,10,7,32.8,79,143,55.2,3.5,6,3.5,10.8,142.8,55.6,13,4.92,2.67,"1-4-0"
"Matt Moore","MoorMa01","MIA",32,"qb",4,3,"2-1-0",55,87,63.2,721,8,9.2,3,3.4,66,8.3,8.6,13.1,180.3,105.6,77.8,1,0,8.19,8.48,1.1,2016,2497,16,9,2.6,57.2,210,347,60.5,4.6,7.2,7,11.9,192.1,87.1,36,5.92,5.7,"6-6-0"
"Matt Moore","MoorMa01","MIA",33,"qb",4,2,"0-2-0",78,127,61.4,861,4,3.1,5,3.9,61,6.8,5.6,11,215.3,75.6,44.3,12,95,5.51,4.47,8.6,2017,721,8,3,3.4,77.8,55,87,63.2,9.2,8.3,8.6,13.1,180.3,105.6,1,8.19,8.48,"2-1-0"
"Matt Ryan","RyanMa00","ATL",25,"QB",16,16,"13-3-0",357,571,62.5,3705,28,4.9,9,1.6,46,6.5,6.8,10.4,231.6,91,69.8,23,158,5.97,6.23,3.9,2010,2916,22,14,3.1,64.9,263,451,58.3,4.9,6.5,6,11.1,208.3,80.9,19,6.01,5.6,"9-5-0"
"Matt Ryan","RyanMa00","ATL",26,"QB",16,16,"10-6-0",347,566,61.3,4177,29,5.1,12,2.1,80,7.4,7.5,12,261.1,92.2,69.1,26,173,6.76,6.83,4.4,2011,3705,28,9,1.6,69.8,357,571,62.5,4.9,6.5,6.8,10.4,231.6,91,23,5.97,6.23,"13-3-0"
"Matt Ryan","RyanMa00","ATL",27,"QB",16,16,"13-3-0",422,615,68.6,4719,32,5.2,14,2.3,80,7.7,7.7,11.2,294.9,99.1,71.6,28,210,7.01,7.03,4.4,2012,4177,29,12,2.1,69.1,347,566,61.3,5.1,7.4,7.5,12,261.1,92.2,26,6.76,6.83,"10-6-0"
"Matt Ryan","RyanMa00","ATL",28,"QB",16,16,"4-12-0",439,651,67.4,4515,26,4,17,2.6,81,6.9,6.6,10.3,282.2,89.6,65,44,298,6.07,5.72,6.3,2013,4719,32,14,2.3,71.6,422,615,68.6,5.2,7.7,7.7,11.2,294.9,99.1,28,7.01,7.03,"13-3-0"
"Matt Ryan","RyanMa00","ATL",29,"QB",16,16,"6-10-0",415,628,66.1,4694,28,4.5,14,2.2,79,7.5,7.4,11.3,293.4,93.9,68.4,31,205,6.81,6.71,4.7,2014,4515,26,17,2.6,65,439,651,67.4,4,6.9,6.6,10.3,282.2,89.6,44,6.07,5.72,"4-12-0"
"Matt Ryan","RyanMa00","ATL",30,"QB",16,16,"8-8-0",407,614,66.3,4591,21,3.4,16,2.6,70,7.5,7,11.3,286.9,89,69.6,30,203,6.81,6.35,4.7,2015,4694,28,14,2.2,68.4,415,628,66.1,4.5,7.5,7.4,11.3,293.4,93.9,31,6.81,6.71,"6-10-0"
"Matt Ryan","RyanMa00","ATL",31,"QB",16,16,"11-5-0",373,534,69.9,4944,38,7.1,7,1.3,76,9.3,10.1,13.3,309,117.1,79.4,37,235,8.25,9.03,6.5,2016,4591,21,16,2.6,69.6,407,614,66.3,3.4,7.5,7,11.3,286.9,89,30,6.81,6.35,"8-8-0"
"Matt Ryan","RyanMa00","ATL",32,"QB",16,16,"10-6-0",342,529,64.7,4095,20,3.8,12,2.3,88,7.7,7.5,12,255.9,91.4,68.3,24,156,7.12,6.87,4.3,2017,4944,38,7,1.3,79.4,373,534,69.9,7.1,9.3,10.1,13.3,309,117.1,37,8.25,9.03,"11-5-0"
"Matt Ryan","RyanMa00","ATL",33,"QB",16,16,"07/09/2000",422,608,69.4,4924,35,5.8,7,1.2,75,8.1,8.7,11.7,307.8,108.1,70.6,42,296,7.12,7.71,6.5,2018,4095,20,12,2.3,68.3,342,529,64.7,3.8,7.7,7.5,12,255.9,91.4,24,7.12,6.87,"10-6-0"
"Matt Schaub","SchaMa00","HOU",29,"QB",16,16,"6-10-0",365,574,63.6,4370,24,4.2,12,2.1,60,7.6,7.5,12,273.1,92,62.9,32,226,6.84,6.74,5.3,2010,4770,29,15,2.6,73.8,396,583,67.9,5,8.2,8,12,298.1,98.6,25,7.6,7.44,"9-7-0"
"Matt Schaub","SchaMa00","HOU",30,"QB",10,10,"7-3-0",178,292,61,2479,15,5.1,6,2.1,80,8.5,8.6,13.9,247.9,96.8,72.9,16,98,7.73,7.83,5.2,2011,4370,24,12,2.1,62.9,365,574,63.6,4.2,7.6,7.5,12,273.1,92,32,6.84,6.74,"6-10-0"
"Matt Schaub","SchaMa00","HOU",31,"QB",16,16,"12-4-0",350,544,64.3,4008,22,4,12,2.2,60,7.4,7.2,11.5,250.5,90.7,61.3,27,216,6.64,6.47,4.7,2012,2479,15,6,2.1,72.9,178,292,61,5.1,8.5,8.6,13.9,247.9,96.8,16,7.73,7.83,"7-3-0"
"Matt Schaub","SchaMa00","HOU",32,"QB",10,8,"2-6-0",219,358,61.2,2310,10,2.8,14,3.9,46,6.5,5.3,10.5,231,73,36.7,21,162,5.67,4.53,5.5,2013,4008,22,12,2.2,61.3,350,544,64.3,4,7.4,7.2,11.5,250.5,90.7,27,6.64,6.47,"12-4-0"
"Matt Schaub","SchaMa00","BAL",34,"qb",2,2,"1-1-0",52,80,65,540,3,3.8,4,5,48,6.8,5.3,10.4,270,76,42.1,3,27,6.18,4.73,3.6,2015,2310,10,14,3.9,36.7,219,358,61.2,2.8,6.5,5.3,10.5,231,73,21,5.67,4.53,"2-6-0"
"Matthew Stafford","StafMa00","DET",22,"qb",3,3,"1-2-0",57,96,59.4,535,6,6.3,1,1,36,5.6,6.4,9.4,178.3,91.3,50.5,4,36,4.99,5.74,4,2010,2267,13,20,5.3,37,201,377,53.3,3.4,6,4.3,11.3,226.7,61,24,5.23,3.64,"2-8-0"
"Matthew Stafford","StafMa00","DET",23,"QB",16,16,"10-6-0",421,663,63.5,5038,41,6.2,16,2.4,73,7.6,7.7,12,314.9,97.2,61.6,36,257,6.84,6.98,5.2,2011,535,6,1,1,50.5,57,96,59.4,6.3,5.6,6.4,9.4,178.3,91.3,4,4.99,5.74,"1-2-0"
"Matthew Stafford","StafMa00","DET",24,"QB",16,16,"4-12-0",435,727,59.8,4967,20,2.8,17,2.3,57,6.8,6.3,11.4,310.4,79.8,56.1,29,212,6.29,5.81,3.8,2012,5038,41,16,2.4,61.6,421,663,63.5,6.2,7.6,7.7,12,314.9,97.2,36,6.84,6.98,"10-6-0"
"Matthew Stafford","StafMa00","DET",25,"QB",16,16,"7-9-0",371,634,58.5,4650,29,4.6,19,3,87,7.3,6.9,12.5,290.6,84.2,56.2,23,168,6.82,6.4,3.5,2013,4967,20,17,2.3,56.1,435,727,59.8,2.8,6.8,6.3,11.4,310.4,79.8,29,6.29,5.81,"4-12-0"
"Matthew Stafford","StafMa00","DET",26,"QB",16,16,"11-5-0",363,602,60.3,4257,22,3.7,12,2,73,7.1,6.9,11.7,266.1,85.7,47.3,45,254,6.19,6.03,7,2014,4650,29,19,3,56.2,371,634,58.5,4.6,7.3,6.9,12.5,290.6,84.2,23,6.82,6.4,"7-9-0"
"Matthew Stafford","StafMa00","DET",27,"QB",16,16,"7-9-0",398,592,67.2,4262,32,5.4,13,2.2,57,7.2,7.3,10.7,266.4,97,58.5,44,251,6.31,6.39,6.9,2015,4257,22,12,2,47.3,363,602,60.3,3.7,7.1,6.9,11.7,266.1,85.7,45,6.19,6.03,"11-5-0"
"Matthew Stafford","StafMa00","DET",28,"QB",16,16,"9-7-0",388,594,65.3,4327,24,4,10,1.7,73,7.3,7.3,11.2,270.4,93.3,66.5,37,216,6.52,6.56,5.9,2016,4262,32,13,2.2,58.5,398,592,67.2,5.4,7.2,7.3,10.7,266.4,97,44,6.31,6.39,"7-9-0"
"Matthew Stafford","StafMa00","DET",29,"QB",16,16,"9-7-0",371,565,65.7,4446,29,5.1,10,1.8,71,7.9,8.1,12,277.9,99.3,65.3,47,287,6.8,7.01,7.7,2017,4327,24,10,1.7,66.5,388,594,65.3,4,7.3,7.3,11.2,270.4,93.3,37,6.52,6.56,"9-7-0"
"Matthew Stafford","StafMa00","DET",30,"QB",16,16,"06/10/2000",367,555,66.1,3777,21,3.8,11,2,67,6.8,6.7,10.3,236.1,89.9,50.9,40,255,5.92,5.79,6.7,2018,4446,29,10,1.8,65.3,371,565,65.7,5.1,7.9,8.1,12,277.9,99.3,47,6.8,7.01,"9-7-0"
"Michael Vick","VickMi00","PHI",31,"QB",13,13,"7-6-0",253,423,59.8,3303,18,4.3,14,3.3,73,7.8,7.2,13.1,254.1,84.9,60.9,23,126,7.12,6.52,5.2,2011,3018,21,6,1.6,65,233,372,62.6,5.6,8.1,8.5,13,251.5,100.2,34,6.92,7.29,"8-3-0"
"Michael Vick","VickMi00","PHI",32,"QB",10,10,"3-7-0",204,351,58.1,2362,12,3.4,10,2.8,77,6.7,6.1,11.6,236.2,78.1,47,28,153,5.83,5.27,7.4,2012,3303,18,14,3.3,60.9,253,423,59.8,4.3,7.8,7.2,13.1,254.1,84.9,23,7.12,6.52,"7-6-0"
"Michael Vick","VickMi00","PHI",33,"qb",7,6,"2-4-0",77,141,54.6,1215,5,3.5,3,2.1,70,8.6,8.4,15.8,173.6,86.5,53.5,15,99,7.15,6.93,9.6,2013,2362,12,10,2.8,47,204,351,58.1,3.4,6.7,6.1,11.6,236.2,78.1,28,5.83,5.27,"3-7-0"
"Michael Vick","VickMi00","NYJ",34,"qb",10,3,"1-2-0",64,121,52.9,604,3,2.5,2,1.7,67,5,4.7,9.4,60.4,68.3,21.4,19,85,3.71,3.49,13.6,2014,1215,5,3,2.1,53.5,77,141,54.6,3.5,8.6,8.4,15.8,173.6,86.5,15,7.15,6.93,"2-4-0"
"Michael Vick","VickMi00","PIT",35,"qb",5,3,"2-1-0",40,66,60.6,371,2,3,1,1.5,72,5.6,5.5,9.3,74.2,79.8,31.8,10,53,4.18,4.12,13.2,2015,604,3,2,1.7,21.4,64,121,52.9,2.5,5,4.7,9.4,60.4,68.3,19,3.71,3.49,"1-2-0"
"Mike Glennon","GlenMi00","TAM",25,"qb",6,5,"1-4-0",117,203,57.6,1417,10,4.9,6,3,41,7,6.6,12.1,236.2,83.3,51.5,16,91,6.05,5.74,7.3,2014,2608,19,9,2.2,53.1,247,416,59.4,4.6,6.3,6.2,10.6,200.6,83.9,40,5.03,4.98,"4-9-0"
"Mike Glennon","GlenMi00","CHI",28,"qb",4,4,"1-3-0",93,140,66.4,833,4,2.9,5,3.6,29,6,4.9,9,208.3,76.9,28.3,8,78,5.1,4.12,5.4,2017,1417,10,6,3,51.5,117,203,57.6,4.9,7,6.6,12.1,236.2,83.3,16,6.05,5.74,"1-4-0"
"Mitchell Trubisky","TrubMi00","CHI",24,"QB",14,14,"11/03/2000",289,434,66.6,3223,24,5.5,12,2.8,70,7.4,7.3,11.2,230.2,95.4,72.8,24,143,6.72,6.59,5.2,2018,2193,7,7,2.1,31.6,196,330,59.4,2.1,6.6,6.1,11.2,182.8,77.5,31,5.53,5.05,"4-8-0"
"Nathan Peterman","PeteNa00","BUF",24,"qb",4,2,"0-2-0",44,81,54.3,296,1,1.2,7,8.6,26,3.7,0,6.7,74,30.7,6.5,7,34,2.98,-0.38,8,2018,252,2,5,10.2,13.8,24,49,49,4.1,5.1,1.4,10.5,63,38.4,1,4.94,1.24,"1-1-0"
"Nick Foles","FoleNi00","PHI",24,"QB",13,10,"8-2-0",203,317,64,2891,27,8.5,2,0.6,63,9.1,10.5,14.2,222.4,119.2,71.5,28,173,7.88,9.18,8.1,2013,1699,6,5,1.9,51.2,161,265,60.8,2.3,6.4,6,10.6,242.7,79.1,20,5.5,5.13,"1-5-0"
"Nick Foles","FoleNi00","PHI",25,"QB",8,8,"6-2-0",186,311,59.8,2163,13,4.2,10,3.2,68,7,6.3,11.6,270.4,81.4,64.1,9,74,6.53,5.93,2.8,2014,2891,27,2,0.6,71.5,203,317,64,8.5,9.1,10.5,14.2,222.4,119.2,28,7.88,9.18,"8-2-0"
"Nick Foles","FoleNi00","STL",26,"QB",11,11,"4-7-0",190,337,56.4,2052,7,2.1,10,3,68,6.1,5.2,10.8,186.5,69,28.1,14,98,5.57,4.68,4,2015,2163,13,10,3.2,64.1,186,311,59.8,4.2,7,6.3,11.6,270.4,81.4,9,6.53,5.93,"6-2-0"
"Nick Foles","FoleNi00","KAN",27,"qb",3,1,"1-0-0",36,55,65.5,410,3,5.5,0,0,49,7.5,8.5,11.4,136.7,105.9,31.8,4,34,6.37,7.39,6.8,2016,2052,7,10,3,28.1,190,337,56.4,2.1,6.1,5.2,10.8,186.5,69,14,5.57,4.68,"4-7-0"
"Nick Foles","FoleNi00","PHI",28,"qb",7,3,"2-1-0",57,101,56.4,537,5,5,2,2,35,5.3,5.4,9.4,76.7,79.5,34.7,5,44,4.65,4.75,4.7,2017,410,3,0,0,31.8,36,55,65.5,5.5,7.5,8.5,11.4,136.7,105.9,4,6.37,7.39,"1-0-0"
"Nick Foles","FoleNi00","PHI",29,"qb",5,5,"04/01/2000",141,195,72.3,1413,7,3.6,4,2.1,83,7.2,7,10,282.6,96,69.5,9,47,6.7,6.5,4.4,2018,537,5,2,2,34.7,57,101,56.4,5,5.3,5.4,9.4,76.7,79.5,5,4.65,4.75,"2-1-0"
"Patrick Mahomes","MahoPa00","KAN",23,"QB",16,16,"12/04/2000",383,580,66,5097,50,8.6,12,2.1,89,8.8,9.6,13.3,318.6,113.8,82,26,171,8.13,8.89,4.3,2018,284,0,1,2.9,61.8,22,35,62.9,0,8.1,6.8,12.9,284,76.4,2,7.27,6.05,"1-0-0"
"Paxton Lynch","LyncPa00","DEN",23,"qb",2,2,"0-2-0",30,45,66.7,295,2,4.4,3,6.7,30,6.6,4.4,9.8,147.5,72,33.1,9,51,4.52,2.76,16.7,2017,497,2,1,1.2,23.3,49,83,59,2.4,6,5.9,10.1,165.7,79.2,9,4.95,4.89,"1-1-0"
"Peyton Manning","MannPe00","IND",34,"QB",16,16,"10-6-0",450,679,66.3,4700,33,4.9,17,2.5,73,6.9,6.8,10.4,293.8,91.9,75.7,16,91,6.63,6.48,2.3,2010,4500,33,16,2.8,81.3,393,571,68.8,5.8,7.9,7.8,11.5,281.3,99.9,10,7.62,7.51,"14-2-0"
"Peyton Manning","MannPe00","DEN",36,"QB",16,16,"13-3-0",400,583,68.6,4659,37,6.3,11,1.9,71,8,8.4,11.6,291.2,105.8,79.6,21,137,7.49,7.89,3.5,2012,4700,33,17,2.5,75.7,450,679,66.3,4.9,6.9,6.8,10.4,293.8,91.9,16,6.63,6.48,"10-6-0"
"Peyton Manning","MannPe00","DEN",37,"QB",16,16,"13-3-0",450,659,68.3,5477,55,8.3,10,1.5,78,8.3,9.3,12.2,342.3,115.1,80.9,18,120,7.91,8.87,2.7,2013,4659,37,11,1.9,79.6,400,583,68.6,6.3,8,8.4,11.6,291.2,105.8,21,7.49,7.89,"13-3-0"
"Peyton Manning","MannPe00","DEN",38,"QB",16,16,"12-4-0",395,597,66.2,4727,39,6.5,15,2.5,86,7.9,8.1,12,295.4,101.5,72,17,118,7.51,7.68,2.8,2014,5477,55,10,1.5,80.9,450,659,68.3,8.3,8.3,9.3,12.2,342.3,115.1,18,7.91,8.87,"13-3-0"
"Peyton Manning","MannPe00","DEN",39,"QB",10,9,"7-2-0",198,331,59.8,2249,9,2.7,17,5.1,75,6.8,5,11.4,224.9,67.9,43.9,16,95,6.21,4.52,4.6,2015,4727,39,15,2.5,72,395,597,66.2,6.5,7.9,8.1,12,295.4,101.5,17,7.51,7.68,"12-4-0"
"Philip Rivers","RivePh00","SDG",29,"QB",16,16,"9-7-0",357,541,66,4710,30,5.5,13,2.4,59,8.7,8.7,13.2,294.4,101.8,68.1,38,227,7.74,7.77,6.6,2010,4254,28,9,1.9,76.9,317,486,65.2,5.8,8.8,9.1,13.4,265.9,104.4,25,8,8.3,"13-3-0"
"Philip Rivers","RivePh00","SDG",30,"QB",16,16,"8-8-0",366,582,62.9,4624,27,4.6,20,3.4,58,7.9,7.3,12.6,289,88.7,64.1,30,198,7.23,6.64,4.9,2011,4710,30,13,2.4,68.1,357,541,66,5.5,8.7,8.7,13.2,294.4,101.8,38,7.74,7.77,"9-7-0"
"Philip Rivers","RivePh00","SDG",31,"QB",16,16,"7-9-0",338,527,64.1,3606,26,4.9,15,2.8,80,6.8,6.5,10.7,225.4,88.6,42.6,49,311,5.72,5.45,8.5,2012,4624,27,20,3.4,64.1,366,582,62.9,4.6,7.9,7.3,12.6,289,88.7,30,7.23,6.64,"8-8-0"
"Philip Rivers","RivePh00","SDG",32,"QB",16,16,"9-7-0",378,544,69.5,4478,32,5.9,11,2,60,8.2,8.5,11.8,279.9,105.5,75.3,30,150,7.54,7.79,5.2,2013,3606,26,15,2.8,42.6,338,527,64.1,4.9,6.8,6.5,10.7,225.4,88.6,49,5.72,5.45,"7-9-0"
"Philip Rivers","RivePh00","SDG",33,"QB",16,16,"9-7-0",379,570,66.5,4286,31,5.4,18,3.2,59,7.5,7.2,11.3,267.9,93.8,63.6,36,189,6.76,6.45,5.9,2014,4478,32,11,2,75.3,378,544,69.5,5.9,8.2,8.5,11.8,279.9,105.5,30,7.54,7.79,"9-7-0"
"Philip Rivers","RivePh00","SDG",34,"QB",16,16,"4-12-0",437,661,66.1,4792,29,4.4,13,2,80,7.2,7.2,11,299.5,93.8,55.7,40,264,6.46,6.45,5.7,2015,4286,31,18,3.2,63.6,379,570,66.5,5.4,7.5,7.2,11.3,267.9,93.8,36,6.76,6.45,"9-7-0"
"Philip Rivers","RivePh00","SDG",35,"QB",16,16,"5-11-0",349,578,60.4,4386,33,5.7,21,3.6,59,7.6,7.1,12.6,274.1,87.9,57.5,36,188,6.84,6.37,5.9,2016,4792,29,13,2,55.7,437,661,66.1,4.4,7.2,7.2,11,299.5,93.8,40,6.46,6.45,"4-12-0"
"Philip Rivers","RivePh00","LAC",36,"QB",16,16,"9-7-0",360,575,62.6,4515,28,4.9,10,1.7,75,7.9,8,12.5,282.2,96,64.1,18,120,7.41,7.6,3,2017,4386,33,21,3.6,57.5,349,578,60.4,5.7,7.6,7.1,12.6,274.1,87.9,36,6.84,6.37,"5-11-0"
"Philip Rivers","RivePh00","LAC",37,"QB",16,16,"12/04/2000",347,508,68.3,4308,32,6.3,12,2.4,75,8.5,8.7,12.4,269.3,105.5,71.2,32,204,7.6,7.79,5.9,2018,4515,28,10,1.7,64.1,360,575,62.6,4.9,7.9,8,12.5,282.2,96,18,7.41,7.6,"9-7-0"
"Rex Grossman","GrosRe00","WAS",31,"QB",13,13,"5-8-0",265,458,57.9,3151,16,3.5,20,4.4,51,6.9,5.6,11.9,242.4,72.4,42.7,25,201,6.11,4.91,5.2,2011,884,7,4,3,34.5,74,133,55.6,5.3,6.6,6.3,11.9,221,81.2,9,5.68,5.4,"1-2-0"
"Robert Griffin","GrifRo01","WAS",23,"QB",13,13,"3-10-0",274,456,60.1,3203,16,3.5,12,2.6,62,7,6.5,11.7,246.4,82.2,51.8,38,274,5.93,5.48,7.7,2013,3200,20,5,1.3,69.4,258,393,65.6,5.1,8.1,8.6,12.4,213.3,102.4,30,7.05,7.47,"9-6-0"
"Robert Griffin","GrifRo01","WAS",24,"qb",9,7,"2-5-0",147,214,68.7,1694,4,1.9,6,2.8,69,7.9,7,11.5,188.2,86.9,28.3,33,227,5.94,5.17,13.4,2014,3203,16,12,2.6,51.8,274,456,60.1,3.5,7,6.5,11.7,246.4,82.2,38,5.93,5.48,"3-10-0"
"Robert Griffin","GrifRo01","CLE",26,"qb",5,5,"1-4-0",87,147,59.2,886,2,1.4,3,2,58,6,5.4,10.2,177.2,72.5,36.4,22,138,4.43,3.86,13,2016,1694,4,6,2.8,28.3,147,214,68.7,1.9,7.9,7,11.5,188.2,86.9,33,5.94,5.17,"2-5-0"
"Russell Wilson","WilsRu00","SEA",25,"QB",16,16,"13-3-0",257,407,63.1,3357,26,6.4,9,2.2,80,8.2,8.5,13.1,209.8,101.2,66.8,44,272,6.84,7.1,9.8,2013,3118,26,10,2.5,72.7,252,393,64.1,6.6,7.9,8.1,12.4,194.9,100,33,6.84,7.01,"11-5-0"
"Russell Wilson","WilsRu00","SEA",26,"QB",16,16,"12-4-0",285,452,63.1,3475,20,4.4,7,1.5,80,7.7,7.9,12.2,217.2,95,71.5,42,242,6.54,6.72,8.5,2014,3357,26,9,2.2,66.8,257,407,63.1,6.4,8.2,8.5,13.1,209.8,101.2,44,6.84,7.1,"13-3-0"
"Russell Wilson","WilsRu00","SEA",27,"QB",16,16,"10-6-0",329,483,68.1,4024,34,7,8,1.7,80,8.3,9,12.2,251.5,110.1,67.3,45,265,7.12,7.73,8.5,2015,3475,20,7,1.5,71.5,285,452,63.1,4.4,7.7,7.9,12.2,217.2,95,42,6.54,6.72,"12-4-0"
"Russell Wilson","WilsRu00","SEA",28,"QB",16,16,"10-5-1",353,546,64.7,4219,21,3.8,11,2,59,7.7,7.6,12,263.7,92.6,56.8,41,293,6.69,6.56,7,2016,4024,34,8,1.7,67.3,329,483,68.1,7,8.3,9,12.2,251.5,110.1,45,7.12,7.73,"10-6-0"
"Russell Wilson","WilsRu00","SEA",29,"QB",16,16,"9-7-0",339,553,61.3,3983,34,6.1,11,2,74,7.2,7.5,11.7,248.9,95.4,61.7,43,322,6.14,6.45,7.2,2017,4219,21,11,2,56.8,353,546,64.7,3.8,7.7,7.6,12,263.7,92.6,41,6.69,6.56,"10-5-1"
"Russell Wilson","WilsRu00","SEA",30,"QB",16,16,"10/06/2000",280,427,65.6,3448,35,8.2,7,1.6,66,8.1,9,12.3,215.5,110.9,65.1,51,355,6.47,7.28,10.7,2018,3983,34,11,2,61.7,339,553,61.3,6.1,7.2,7.5,11.7,248.9,95.4,43,6.14,6.45,"9-7-0"
"Ryan Fitzpatrick","FitzRy00","BUF",28,"QB",13,13,"4-9-0",255,441,57.8,3000,23,5.2,15,3.4,65,6.8,6.3,11.8,230.8,81.8,50.7,24,145,6.14,5.68,5.2,2010,1422,9,10,4.4,35.3,127,227,55.9,4,6.3,5.1,11.2,142.2,69.7,21,5.22,4.13,"4-4-0"
"Ryan Fitzpatrick","FitzRy00","BUF",29,"QB",16,16,"6-10-0",353,569,62,3832,24,4.2,23,4,60,6.7,5.8,10.9,239.5,79.1,50.5,22,148,6.23,5.29,3.7,2011,3000,23,15,3.4,50.7,255,441,57.8,5.2,6.8,6.3,11.8,230.8,81.8,24,6.14,5.68,"4-9-0"
"Ryan Fitzpatrick","FitzRy00","BUF",30,"QB",16,16,"6-10-0",306,505,60.6,3400,24,4.8,16,3.2,68,6.7,6.3,11.1,212.5,83.3,43.8,30,161,6.05,5.61,5.6,2012,3832,24,23,4,50.5,353,569,62,4.2,6.7,5.8,10.9,239.5,79.1,22,6.23,5.29,"6-10-0"
"Ryan Fitzpatrick","FitzRy00","TEN",31,"QB",11,9,"3-6-0",217,350,62,2454,14,4,12,3.4,77,7,6.3,11.3,223.1,82,57.2,21,109,6.32,5.62,5.7,2013,3400,24,16,3.2,43.8,306,505,60.6,4.8,6.7,6.3,11.1,212.5,83.3,30,6.05,5.61,"6-10-0"
"Ryan Fitzpatrick","FitzRy00","HOU",32,"QB",12,12,"6-6-0",197,312,63.1,2483,17,5.4,8,2.6,76,8,7.9,12.6,206.9,95.3,61.1,21,83,7.21,7.15,6.3,2014,2454,14,12,3.4,57.2,217,350,62,4,7,6.3,11.3,223.1,82,21,6.32,5.62,"3-6-0"
"Ryan Fitzpatrick","FitzRy00","NYJ",33,"QB",16,16,"10-6-0",335,562,59.6,3905,31,5.5,15,2.7,69,6.9,6.9,11.7,244.1,88,63.5,19,94,6.56,6.46,3.3,2015,2483,17,8,2.6,61.1,197,312,63.1,5.4,8,7.9,12.6,206.9,95.3,21,7.21,7.15,"6-6-0"
"Ryan Fitzpatrick","FitzRy00","NYJ",34,"QB",14,11,"3-8-0",228,403,56.6,2710,12,3,17,4.2,57,6.7,5.4,11.9,193.6,69.6,37.9,19,81,6.23,4.99,4.5,2016,3905,31,15,2.7,63.5,335,562,59.6,5.5,6.9,6.9,11.7,244.1,88,19,6.56,6.46,"10-6-0"
"Ryan Fitzpatrick","FitzRy00","TAM",35,"qb",6,3,"2-1-0",96,163,58.9,1103,7,4.3,3,1.8,41,6.8,6.8,11.5,183.8,86,59.7,7,34,6.29,6.32,4.1,2017,2710,12,17,4.2,37.9,228,403,56.6,3,6.7,5.4,11.9,193.6,69.6,19,6.23,4.99,"3-8-0"
"Ryan Fitzpatrick","FitzRy00","TAM",36,"qb",8,7,"02/05/2000",164,246,66.7,2366,17,6.9,12,4.9,75,9.6,8.8,14.4,295.8,100.4,64.4,14,76,8.81,8.04,5.4,2018,1103,7,3,1.8,59.7,96,163,58.9,4.3,6.8,6.8,11.5,183.8,86,7,6.29,6.32,"2-1-0"
"Ryan Tannehill","TannRy00","MIA",25,"QB",16,16,"8-8-0",355,588,60.4,3913,24,4.1,17,2.9,67,6.7,6.2,11,244.6,81.7,49.3,58,399,5.44,5,9,2013,3294,12,13,2.7,48.4,282,484,58.3,2.5,6.8,6.1,11.7,205.9,76.1,35,5.9,5.23,"7-9-0"
"Ryan Tannehill","TannRy00","MIA",26,"QB",16,16,"8-8-0",392,590,66.4,4045,27,4.6,12,2,50,6.9,6.9,10.3,252.8,92.8,59.3,46,337,5.83,5.83,7.2,2014,3913,24,17,2.9,49.3,355,588,60.4,4.1,6.7,6.2,11,244.6,81.7,58,5.44,5,"8-8-0"
"Ryan Tannehill","TannRy00","MIA",27,"QB",16,16,"6-10-0",363,586,61.9,4208,24,4.1,12,2,54,7.2,7.1,11.6,263,88.7,46.3,45,420,6,5.91,7.1,2015,4045,27,12,2,59.3,392,590,66.4,4.6,6.9,6.9,10.3,252.8,92.8,46,5.83,5.83,"8-8-0"
"Ryan Tannehill","TannRy00","MIA",28,"QB",13,13,"8-5-0",261,389,67.1,2995,19,4.9,12,3.1,74,7.7,7.3,11.5,230.4,93.5,49.4,29,216,6.65,6.27,6.9,2016,4208,24,12,2,46.3,363,586,61.9,4.1,7.2,7.1,11.6,263,88.7,45,6,5.91,"6-10-0"
"Ryan Tannehill","TannRy00","MIA",30,"QB",11,11,"05/06/2000",176,274,64.2,1979,17,6.2,9,3.3,75,7.2,7,11.2,179.9,92.7,33.1,35,279,5.5,5.29,11.3,2018,2995,19,12,3.1,49.4,261,389,67.1,4.9,7.7,7.3,11.5,230.4,93.5,29,6.65,6.27,"8-5-0"
"Sam Bradford","BradSa00","STL",24,"QB",10,10,"1-9-0",191,357,53.5,2164,6,1.7,6,1.7,68,6.1,5.6,11.3,216.4,70.5,30.5,36,248,4.88,4.49,9.2,2011,3512,18,15,2.5,47,354,590,60,3.1,6,5.4,9.9,219.5,76.5,34,5.24,4.73,"7-9-0"
"Sam Bradford","BradSa00","STL",25,"QB",16,16,"7-8-1",328,551,59.5,3702,21,3.8,13,2.4,80,6.7,6.4,11.3,231.4,82.6,51.6,35,233,5.92,5.64,6,2012,2164,6,6,1.7,30.5,191,357,53.5,1.7,6.1,5.6,11.3,216.4,70.5,36,4.88,4.49,"1-9-0"
"Sam Bradford","BradSa00","STL",26,"qb",7,7,"3-4-0",159,262,60.7,1687,14,5.3,4,1.5,73,6.4,6.8,10.6,241,90.9,58.8,15,97,5.74,6.1,5.4,2013,3702,21,13,2.4,51.6,328,551,59.5,3.8,6.7,6.4,11.3,231.4,82.6,35,5.92,5.64,"7-8-1"
"Sam Bradford","BradSa00","PHI",28,"QB",14,14,"7-7-0",346,532,65,3725,19,3.6,14,2.6,78,7,6.5,10.8,266.1,86.4,42.1,28,200,6.29,5.85,5,2015,1687,14,4,1.5,58.8,159,262,60.7,5.3,6.4,6.8,10.6,241,90.9,15,5.74,6.1,"3-4-0"
"Sam Bradford","BradSa00","MIN",29,"QB",15,15,"7-8-0",395,552,71.6,3877,20,3.6,5,0.9,71,7,7.3,9.8,258.5,99.3,57.3,37,276,6.11,6.41,6.3,2016,3725,19,14,2.6,42.1,346,532,65,3.6,7,6.5,10.8,266.1,86.4,28,6.29,5.85,"7-7-0"
"Sam Bradford","BradSa00","MIN",30,"qb",2,2,"2-0-0",32,43,74.4,382,3,7,0,0,44,8.9,10.3,11.9,191,124.4,75.3,5,40,7.13,8.38,10.4,2017,3877,20,5,0.9,57.3,395,552,71.6,3.6,7,7.3,9.8,258.5,99.3,37,6.11,6.41,"7-8-0"
"Sam Bradford","BradSa00","ARI",31,"qb",3,3,"0-3-0",50,80,62.5,400,2,2.5,4,5,35,5,3.3,8,133.3,62.5,25.8,6,33,4.27,2.64,7,2018,382,3,0,0,75.3,32,43,74.4,7,8.9,10.3,11.9,191,124.4,5,7.13,8.38,"2-0-0"
"Scott Tolzien","TolzSc00","IND",29,"qb",3,1,"0-1-0",23,37,62.2,216,1,2.7,2,5.4,32,5.8,3.9,9.4,72,64.7,23.8,3,21,4.88,3.13,7.5,2016,717,1,5,5.6,27.6,55,90,61.1,1.1,8,5.7,13,239,66.8,3,7.43,5.23,"0-1-1"
"Scott Tolzien","TolzSc00","IND",30,"qb",1,1,"0-1-0",9,18,50,128,0,0,2,11.1,32,7.1,2.1,14.2,128,33.8,7.3,4,29,4.5,0.41,18.2,2017,216,1,2,5.4,23.8,23,37,62.2,2.7,5.8,3.9,9.4,72,64.7,3,4.88,3.13,"0-1-0"
"Seneca Wallace","WallSe00","CLE",30,"qb",8,4,"1-3-0",64,101,63.4,694,4,4,2,2,65,6.9,6.8,10.8,86.8,88.5,49.1,6,33,6.18,6.08,5.6,2010,700,3,2,1.7,45.6,78,120,65,2.5,5.8,5.6,9,53.8,81.9,9,4.97,4.74,"0-2-0"
"Seneca Wallace","WallSe00","CLE",31,"qb",6,3,"0-3-0",55,107,51.4,567,2,1.9,2,1.9,76,5.3,4.8,10.3,94.5,65.4,54.4,6,30,4.75,4.31,5.3,2011,694,4,2,2,49.1,64,101,63.4,4,6.9,6.8,10.8,86.8,88.5,6,6.18,6.08,"1-3-0"
"Seneca Wallace","WallSe00","GNB",33,"qb",2,1,"0-1-0",16,24,66.7,139,0,0,1,4.2,17,5.8,3.9,8.7,69.5,64.4,11,4,25,4.07,2.46,14.3,2013,567,2,2,1.9,54.4,55,107,51.4,1.9,5.3,4.8,10.3,94.5,65.4,6,4.75,4.31,"0-3-0"
"Shaun Hill","HillSh00","DET",30,"QB",11,10,"3-7-0",257,416,61.8,2686,16,3.8,12,2.9,75,6.5,5.9,10.5,244.2,81.3,51.4,17,113,5.94,5.43,3.9,2010,943,5,2,1.3,38.1,87,155,56.1,3.2,6.1,6.1,10.8,157.2,79.6,18,4.83,4.89,"3-3-0"
"Shaun Hill","HillSh00","STL",34,"QB",9,8,"3-5-0",145,229,63.3,1657,8,3.5,7,3.1,63,7.2,6.6,11.4,184.1,83.9,45.2,18,116,6.24,5.61,7.3,2014,2686,16,12,2.9,51.4,257,416,61.8,3.8,6.5,5.9,10.5,244.2,81.3,17,5.94,5.43,"3-7-0"
"Shaun Hill","HillSh00","MIN",36,"qb",3,1,"1-0-0",19,35,54.3,242,0,0,0,0,33,6.9,6.9,12.7,80.7,76.1,51.5,1,7,6.53,6.53,2.8,2016,1657,8,7,3.1,45.2,145,229,63.3,3.5,7.2,6.6,11.4,184.1,83.9,18,6.24,5.61,"3-5-0"
"T.J. Yates","YateT.00","HOU",28,"qb",4,2,"2-0-0",28,57,49.1,370,3,5.3,1,1.8,61,6.5,6.8,13.2,92.5,80.3,46.5,5,33,5.44,5.68,8.1,2015,949,3,3,2.2,43.6,82,134,61.2,2.2,7.1,6.5,11.6,158.2,80.7,15,5.87,5.37,"2-3-0"
"T.J. Yates","YateT.00","HOU",30,"qb",4,3,"0-3-0",47,97,48.5,523,4,4.1,3,3.1,40,5.4,4.8,11.1,130.8,65.8,33.6,13,75,4.07,3.57,11.8,2017,370,3,1,1.8,46.5,28,57,49.1,5.3,6.5,6.8,13.2,92.5,80.3,5,5.44,5.68,"2-0-0"
"Tarvaris Jackson","JackTa00","SEA",28,"QB",15,14,"7-7-0",271,450,60.2,3091,14,3.1,13,2.9,61,6.9,6.2,11.4,206.1,79.2,44.7,42,293,5.69,5.07,8.5,2011,341,3,4,6.9,28.3,34,58,58.6,5.2,5.9,3.8,10,113.7,63.9,6,4.66,2.78,"0-1-0"
"Teddy Bridgewater","BridTe00","MIN",23,"QB",16,16,"11-5-0",292,447,65.3,3231,14,3.1,9,2,52,7.2,6.9,11.1,201.9,88.7,57.5,44,307,5.96,5.7,9,2015,2919,14,12,3,54.4,259,402,64.4,3.5,7.3,6.6,11.3,224.5,85.2,39,6.05,5.46,"6-6-0"
"Teddy Bridgewater","BridTe00","NOR",26,"qb",5,1,"0-1-0",14,23,60.9,118,1,4.3,1,4.3,18,5.1,4,8.4,23.6,70.6,42.2,2,8,4.4,3.4,8,2018,3231,14,9,2,57.5,292,447,65.3,3.1,7.2,6.9,11.1,201.9,88.7,44,5.96,5.7,"11-5-0"
"Terrelle Pryor","PryoTe00","OAK",24,"QB",11,9,"3-6-0",156,272,57.4,1798,7,2.6,11,4,73,6.6,5.3,11.5,163.5,69.1,57.1,31,203,5.26,4.09,10.2,2013,155,2,1,3.3,53.8,14,30,46.7,6.7,5.2,5,11.1,51.7,70.8,0,5.17,5,"0-1-0"
"Thaddeus Lewis","LewiTh01","BUF",28,"qb",6,5,"2-3-0",93,157,59.2,1092,4,2.5,3,1.9,57,7,6.6,11.7,182,81,18.7,18,100,5.67,5.35,10.3,2013,204,1,1,3.1,54.5,22,32,68.8,3.1,6.4,5.6,9.3,204,83.3,3,5.43,4.71,"0-1-0"
"Tim Tebow","TeboTi00","DEN",24,"QB",14,11,"7-4-0",126,271,46.5,1729,12,4.4,6,2.2,56,6.4,6.3,13.7,123.5,72.9,39.6,33,225,4.95,4.85,10.9,2011,654,5,3,3.7,63.2,41,82,50,6.1,8,7.5,16,72.7,82.1,6,7.14,6.74,"1-2-0"
"Tom Brady","BradTo00","NWE",33,"QB",16,16,"14-2-0",324,492,65.9,3900,36,7.3,4,0.8,79,7.9,9,12,243.8,111,78.3,25,175,7.21,8.25,4.8,2010,4398,28,13,2.3,73.2,371,565,65.7,5,7.8,7.7,11.9,274.9,96.2,16,7.42,7.38,"10-6-0"
"Tom Brady","BradTo00","NWE",34,"QB",16,16,"13-3-0",401,611,65.6,5235,39,6.4,12,2,99,8.6,9,13.1,327.2,105.6,75.2,32,173,7.87,8.25,5,2011,3900,36,4,0.8,78.3,324,492,65.9,7.3,7.9,9,12,243.8,111,25,7.21,8.25,"14-2-0"
"Tom Brady","BradTo00","NWE",35,"QB",16,16,"12-4-0",401,637,63,4827,34,5.3,8,1.3,83,7.6,8.1,12,301.7,98.7,76.1,27,182,7,7.48,4.1,2012,5235,39,12,2,75.2,401,611,65.6,6.4,8.6,9,13.1,327.2,105.6,32,7.87,8.25,"13-3-0"
"Tom Brady","BradTo00","NWE",36,"QB",16,16,"12-4-0",380,628,60.5,4343,25,4,11,1.8,81,6.9,6.9,11.4,271.4,87.3,62.1,40,256,6.12,6.13,6,2013,4827,34,8,1.3,76.1,401,637,63,5.3,7.6,8.1,12,301.7,98.7,27,7,7.48,"12-4-0"
"Tom Brady","BradTo00","NWE",37,"QB",16,16,"12-4-0",373,582,64.1,4109,33,5.7,9,1.5,69,7.1,7.5,11,256.8,97.4,76.2,21,134,6.59,7.01,3.5,2014,4343,25,11,1.8,62.1,380,628,60.5,4,6.9,6.9,11.4,271.4,87.3,40,6.12,6.13,"12-4-0"
"Tom Brady","BradTo00","NWE",38,"QB",16,16,"12-4-0",402,624,64.4,4770,36,5.8,7,1.1,76,7.6,8.3,11.9,298.1,102.2,68,38,225,6.87,7.48,5.7,2015,4109,33,9,1.5,76.2,373,582,64.1,5.7,7.1,7.5,11,256.8,97.4,21,6.59,7.01,"12-4-0"
"Tom Brady","BradTo00","NWE",39,"QB",12,12,"11-1-0",291,432,67.4,3554,28,6.5,2,0.5,79,8.2,9.3,12.2,296.2,112.2,79.1,15,87,7.76,8.81,3.4,2016,4770,36,7,1.1,68,402,624,64.4,5.8,7.6,8.3,11.9,298.1,102.2,38,6.87,7.48,"12-4-0"
"Tom Brady","BradTo00","NWE",40,"QB",16,16,"13-3-0",385,581,66.3,4577,32,5.5,8,1.4,64,7.9,8.4,11.9,286.1,102.8,73.2,35,201,7.1,7.56,5.7,2017,3554,28,2,0.5,79.1,291,432,67.4,6.5,8.2,9.3,12.2,296.2,112.2,15,7.76,8.81,"11-1-0"
"Tom Brady","BradTo00","NWE",41,"QB",16,16,"11/05/2000",375,570,65.8,4355,29,5.1,11,1.9,63,7.6,7.8,11.6,272.2,97.7,68.8,21,147,7.12,7.26,3.6,2018,4577,32,8,1.4,73.2,385,581,66.3,5.5,7.9,8.4,11.9,286.1,102.8,35,7.1,7.56,"13-3-0"
"Tom Savage","SavaTo00","HOU",27,"qb",8,7,"1-6-0",125,223,56.1,1412,5,2.2,6,2.7,57,6.3,5.6,11.3,176.5,71.4,37.2,21,159,5.14,4.44,8.6,2017,461,0,0,0,60.6,46,73,63,0,6.3,6.3,10,153.7,80.9,5,5.45,5.45,"1-1-0"
"Tony Romo","RomoTo00","DAL",30,"qb",6,6,"1-5-0",148,213,69.5,1605,11,5.2,7,3.3,69,7.5,7.1,10.8,267.5,94.9,68.1,7,41,7.11,6.68,3.2,2010,4483,26,9,1.6,64.5,347,550,63.1,4.7,8.2,8.4,12.9,280.2,97.6,34,7.34,7.54,"11-5-0"
"Tony Romo","RomoTo00","DAL",31,"QB",16,16,"8-8-0",346,522,66.3,4184,31,5.9,10,1.9,77,8,8.3,12.1,261.5,102.5,69.5,36,227,7.09,7.4,6.5,2011,1605,11,7,3.3,68.1,148,213,69.5,5.2,7.5,7.1,10.8,267.5,94.9,7,7.11,6.68,"1-5-0"
"Tony Romo","RomoTo00","DAL",32,"QB",16,16,"8-8-0",425,648,65.6,4903,28,4.3,19,2.9,85,7.6,7.1,11.5,306.4,90.5,65.4,36,263,6.78,6.35,5.3,2012,4184,31,10,1.9,69.5,346,522,66.3,5.9,8,8.3,12.1,261.5,102.5,36,7.09,7.4,"8-8-0"
"Tony Romo","RomoTo00","DAL",33,"QB",15,15,"8-7-0",342,535,63.9,3828,31,5.8,10,1.9,82,7.2,7.5,11.2,255.2,96.7,62,35,272,6.24,6.54,6.1,2013,4903,28,19,2.9,65.4,425,648,65.6,4.3,7.6,7.1,11.5,306.4,90.5,36,6.78,6.35,"8-8-0"
"Tony Romo","RomoTo00","DAL",34,"QB",15,15,"12-3-0",304,435,69.9,3705,34,7.8,9,2.1,68,8.5,9.1,12.2,247,113.2,79.7,29,215,7.52,8.11,6.3,2014,3828,31,10,1.9,62,342,535,63.9,5.8,7.2,7.5,11.2,255.2,96.7,35,6.24,6.54,"8-7-0"
"Tony Romo","RomoTo00","DAL",35,"qb",4,4,"3-1-0",83,121,68.6,884,5,4.1,7,5.8,39,7.3,5.5,10.7,221,79.4,54.9,6,35,6.69,4.99,4.7,2015,3705,34,9,2.1,79.7,304,435,69.9,7.8,8.5,9.1,12.2,247,113.2,29,7.52,8.11,"12-3-0"
"Trevor Siemian","SiemTr00","DEN",26,"QB",11,10,"5-5-0",206,349,59,2285,12,3.4,14,4,44,6.5,5.4,11.1,207.7,73.3,33.1,33,220,5.41,4.38,8.6,2017,3401,18,10,2.1,48.4,289,486,59.5,3.7,7,6.8,11.8,242.9,84.6,31,6.22,6.04,"8-6-0"
"Tyrod Taylor","TaylTy00","BUF",28,"QB",15,14,"8-6-0",263,420,62.6,2799,14,3.3,4,1,47,6.7,6.9,10.6,186.6,89.2,60,46,256,5.46,5.67,9.9,2017,3023,17,6,1.4,61.4,269,436,61.7,3.9,6.9,7.1,11.2,201.5,89.7,42,5.92,6.07,"7-8-0"
"Tyrod Taylor","TaylTy00","CLE",29,"qb",4,3,"01/01/2001",42,85,49.4,473,2,2.4,2,2.4,47,5.6,5,11.3,118.3,64.5,33.1,13,81,4,3.49,13.3,2018,2799,14,4,1,60,263,420,62.6,3.3,6.7,6.9,10.6,186.6,89.2,46,5.46,5.67,"8-6-0"
"Vince Young","YounVi00","TEN",27,"QB",9,8,"4-4-0",93,156,59.6,1255,10,6.4,3,1.9,71,8,8.5,13.5,139.4,98.6,59.8,13,80,6.95,7.34,7.7,2010,1879,10,7,2.7,69.5,152,259,58.7,3.9,7.3,6.8,12.4,156.6,82.8,9,6.88,6.45,"8-2-0"
"Vince Young","YounVi00","PHI",28,"qb",6,3,"1-2-0",66,114,57.9,866,4,3.5,9,7.9,58,7.6,4.7,13.1,144.3,60.8,41.9,8,34,6.82,4.16,6.6,2011,1255,10,3,1.9,59.8,93,156,59.6,6.4,8,8.5,13.5,139.4,98.6,13,6.95,7.34,"4-4-0"
"Zach Mettenberger","MettZa00","TEN",24,"qb",7,4,"0-4-0",101,166,60.8,935,4,2.4,7,4.2,57,5.6,4.2,9.3,133.6,66.7,18.4,13,98,4.68,3.36,7.3,2015,1412,8,7,3.9,30.8,107,179,59.8,4.5,7.9,7,13.2,201.7,83.4,18,6.47,5.68,"0-6-0"
